dataset,attr_method,metric,model,itr_no,area,comp,suff
electricity,feature_ablation,mae,DLinear,1,0.05,10.034,13.58
electricity,feature_ablation,mae,DLinear,1,0.075,10.717,12.85
electricity,feature_ablation,mae,DLinear,1,0.1,11.028,12.405
electricity,feature_ablation,mae,DLinear,1,0.15,11.663,11.397
electricity,feature_ablation,mae,DLinear,2,0.05,9.626,13.185
electricity,feature_ablation,mae,DLinear,2,0.075,10.296,12.476
electricity,feature_ablation,mae,DLinear,2,0.1,10.595,12.064
electricity,feature_ablation,mae,DLinear,2,0.15,11.219,11.118
electricity,feature_ablation,mae,DLinear,3,0.05,10.029,13.429
electricity,feature_ablation,mae,DLinear,3,0.075,10.716,12.682
electricity,feature_ablation,mae,DLinear,3,0.1,11.022,12.25
electricity,feature_ablation,mae,DLinear,3,0.15,11.642,11.264
electricity,feature_ablation,mae,MICN,1,0.05,10.631,12.628
electricity,feature_ablation,mae,MICN,1,0.075,11.739,11.518
electricity,feature_ablation,mae,MICN,1,0.1,12.298,10.834
electricity,feature_ablation,mae,MICN,1,0.15,13.245,9.449
electricity,feature_ablation,mae,MICN,2,0.05,10.648,12.412
electricity,feature_ablation,mae,MICN,2,0.075,11.723,11.328
electricity,feature_ablation,mae,MICN,2,0.1,12.221,10.69
electricity,feature_ablation,mae,MICN,2,0.15,13.137,9.335
electricity,feature_ablation,mae,MICN,3,0.05,10.623,12.69
electricity,feature_ablation,mae,MICN,3,0.075,11.728,11.516
electricity,feature_ablation,mae,MICN,3,0.1,12.279,10.777
electricity,feature_ablation,mae,MICN,3,0.15,13.247,9.443
electricity,feature_ablation,mae,SegRNN,1,0.05,9.563,14.623
electricity,feature_ablation,mae,SegRNN,1,0.075,10.751,13.89
electricity,feature_ablation,mae,SegRNN,1,0.1,11.328,13.464
electricity,feature_ablation,mae,SegRNN,1,0.15,12.325,12.525
electricity,feature_ablation,mae,SegRNN,2,0.05,9.753,14.147
electricity,feature_ablation,mae,SegRNN,2,0.075,10.802,13.358
electricity,feature_ablation,mae,SegRNN,2,0.1,11.358,12.889
electricity,feature_ablation,mae,SegRNN,2,0.15,12.346,11.88
electricity,feature_ablation,mae,SegRNN,3,0.05,9.384,14.43
electricity,feature_ablation,mae,SegRNN,3,0.075,10.58,13.72
electricity,feature_ablation,mae,SegRNN,3,0.1,11.176,13.304
electricity,feature_ablation,mae,SegRNN,3,0.15,12.222,12.351
electricity,feature_ablation,mae,iTransformer,1,0.05,8.814,17.476
electricity,feature_ablation,mae,iTransformer,1,0.075,10.429,16.607
electricity,feature_ablation,mae,iTransformer,1,0.1,11.305,16.034
electricity,feature_ablation,mae,iTransformer,1,0.15,12.752,14.815
electricity,feature_ablation,mae,iTransformer,2,0.05,8.549,17.381
electricity,feature_ablation,mae,iTransformer,2,0.075,10.172,16.538
electricity,feature_ablation,mae,iTransformer,2,0.1,11.081,15.962
electricity,feature_ablation,mae,iTransformer,2,0.15,12.512,14.77
electricity,feature_ablation,mae,iTransformer,3,0.05,8.636,17.794
electricity,feature_ablation,mae,iTransformer,3,0.075,10.229,16.846
electricity,feature_ablation,mae,iTransformer,3,0.1,11.11,16.265
electricity,feature_ablation,mae,iTransformer,3,0.15,12.523,15.015
electricity,augmented_occlusion,mae,DLinear,1,0.05,8.991,14.086
electricity,augmented_occlusion,mae,DLinear,1,0.075,9.902,13.296
electricity,augmented_occlusion,mae,DLinear,1,0.1,10.307,12.854
electricity,augmented_occlusion,mae,DLinear,1,0.15,11.034,11.92
electricity,augmented_occlusion,mae,DLinear,2,0.05,8.634,14.112
electricity,augmented_occlusion,mae,DLinear,2,0.075,9.584,13.315
electricity,augmented_occlusion,mae,DLinear,2,0.1,10.001,12.882
electricity,augmented_occlusion,mae,DLinear,2,0.15,10.727,11.939
electricity,augmented_occlusion,mae,DLinear,3,0.05,9.057,13.938
electricity,augmented_occlusion,mae,DLinear,3,0.075,10.006,13.132
electricity,augmented_occlusion,mae,DLinear,3,0.1,10.415,12.691
electricity,augmented_occlusion,mae,DLinear,3,0.15,11.187,11.715
electricity,augmented_occlusion,mae,MICN,1,0.05,9.846,13.365
electricity,augmented_occlusion,mae,MICN,1,0.075,10.805,12.548
electricity,augmented_occlusion,mae,MICN,1,0.1,11.286,12.033
electricity,augmented_occlusion,mae,MICN,1,0.15,12.181,10.936
electricity,augmented_occlusion,mae,MICN,2,0.05,9.961,13.39
electricity,augmented_occlusion,mae,MICN,2,0.075,11.026,12.547
electricity,augmented_occlusion,mae,MICN,2,0.1,11.521,12.032
electricity,augmented_occlusion,mae,MICN,2,0.15,12.377,10.943
electricity,augmented_occlusion,mae,MICN,3,0.05,9.837,13.038
electricity,augmented_occlusion,mae,MICN,3,0.075,10.841,12.218
electricity,augmented_occlusion,mae,MICN,3,0.1,11.326,11.708
electricity,augmented_occlusion,mae,MICN,3,0.15,12.174,10.641
electricity,augmented_occlusion,mae,SegRNN,1,0.05,8.588,15.195
electricity,augmented_occlusion,mae,SegRNN,1,0.075,9.779,14.521
electricity,augmented_occlusion,mae,SegRNN,1,0.1,10.369,14.123
electricity,augmented_occlusion,mae,SegRNN,1,0.15,11.454,13.243
electricity,augmented_occlusion,mae,SegRNN,2,0.05,9.105,14.683
electricity,augmented_occlusion,mae,SegRNN,2,0.075,10.243,14.009
electricity,augmented_occlusion,mae,SegRNN,2,0.1,10.768,13.609
electricity,augmented_occlusion,mae,SegRNN,2,0.15,11.727,12.725
electricity,augmented_occlusion,mae,SegRNN,3,0.05,8.571,14.74
electricity,augmented_occlusion,mae,SegRNN,3,0.075,9.776,14.081
electricity,augmented_occlusion,mae,SegRNN,3,0.1,10.354,13.698
electricity,augmented_occlusion,mae,SegRNN,3,0.15,11.428,12.863
electricity,augmented_occlusion,mae,iTransformer,1,0.05,7.325,18.559
electricity,augmented_occlusion,mae,iTransformer,1,0.075,8.787,17.739
electricity,augmented_occlusion,mae,iTransformer,1,0.1,9.623,17.199
electricity,augmented_occlusion,mae,iTransformer,1,0.15,11.021,16.042
electricity,augmented_occlusion,mae,iTransformer,2,0.05,7.27,18.458
electricity,augmented_occlusion,mae,iTransformer,2,0.075,8.667,17.637
electricity,augmented_occlusion,mae,iTransformer,2,0.1,9.472,17.124
electricity,augmented_occlusion,mae,iTransformer,2,0.15,10.876,15.988
electricity,augmented_occlusion,mae,iTransformer,3,0.05,7.278,18.462
electricity,augmented_occlusion,mae,iTransformer,3,0.075,8.712,17.665
electricity,augmented_occlusion,mae,iTransformer,3,0.1,9.551,17.14
electricity,augmented_occlusion,mae,iTransformer,3,0.15,11.013,16.0
electricity,feature_permutation,mae,DLinear,1,0.05,6.004,16.664
electricity,feature_permutation,mae,DLinear,1,0.075,7.017,16.361
electricity,feature_permutation,mae,DLinear,1,0.1,7.497,16.183
electricity,feature_permutation,mae,DLinear,1,0.15,8.41,15.756
electricity,feature_permutation,mae,DLinear,2,0.05,5.642,16.219
electricity,feature_permutation,mae,DLinear,2,0.075,6.596,15.906
electricity,feature_permutation,mae,DLinear,2,0.1,7.083,15.726
electricity,feature_permutation,mae,DLinear,2,0.15,8.014,15.303
electricity,feature_permutation,mae,DLinear,3,0.05,5.741,16.49
electricity,feature_permutation,mae,DLinear,3,0.075,6.68,16.188
electricity,feature_permutation,mae,DLinear,3,0.1,7.144,16.015
electricity,feature_permutation,mae,DLinear,3,0.15,8.057,15.591
electricity,feature_permutation,mae,MICN,1,0.05,8.167,14.651
electricity,feature_permutation,mae,MICN,1,0.075,9.235,14.297
electricity,feature_permutation,mae,MICN,1,0.1,9.754,14.1
electricity,feature_permutation,mae,MICN,1,0.15,10.674,13.725
electricity,feature_permutation,mae,MICN,2,0.05,8.159,14.403
electricity,feature_permutation,mae,MICN,2,0.075,9.285,13.998
electricity,feature_permutation,mae,MICN,2,0.1,9.805,13.789
electricity,feature_permutation,mae,MICN,2,0.15,10.706,13.405
electricity,feature_permutation,mae,MICN,3,0.05,7.892,14.701
electricity,feature_permutation,mae,MICN,3,0.075,9.012,14.3
electricity,feature_permutation,mae,MICN,3,0.1,9.554,14.11
electricity,feature_permutation,mae,MICN,3,0.15,10.497,13.762
electricity,feature_permutation,mae,SegRNN,1,0.05,6.122,16.713
electricity,feature_permutation,mae,SegRNN,1,0.075,7.532,16.244
electricity,feature_permutation,mae,SegRNN,1,0.1,8.232,15.965
electricity,feature_permutation,mae,SegRNN,1,0.15,9.454,15.377
electricity,feature_permutation,mae,SegRNN,2,0.05,6.231,16.015
electricity,feature_permutation,mae,SegRNN,2,0.075,7.616,15.569
electricity,feature_permutation,mae,SegRNN,2,0.1,8.302,15.314
electricity,feature_permutation,mae,SegRNN,2,0.15,9.558,14.753
electricity,feature_permutation,mae,SegRNN,3,0.05,6.156,15.994
electricity,feature_permutation,mae,SegRNN,3,0.075,7.541,15.524
electricity,feature_permutation,mae,SegRNN,3,0.1,8.227,15.239
electricity,feature_permutation,mae,SegRNN,3,0.15,9.497,14.63
electricity,feature_permutation,mae,iTransformer,1,0.05,5.374,20.078
electricity,feature_permutation,mae,iTransformer,1,0.075,6.672,19.538
electricity,feature_permutation,mae,iTransformer,1,0.1,7.44,19.217
electricity,feature_permutation,mae,iTransformer,1,0.15,8.852,18.52
electricity,feature_permutation,mae,iTransformer,2,0.05,5.3,19.897
electricity,feature_permutation,mae,iTransformer,2,0.075,6.561,19.452
electricity,feature_permutation,mae,iTransformer,2,0.1,7.295,19.192
electricity,feature_permutation,mae,iTransformer,2,0.15,8.605,18.583
electricity,feature_permutation,mae,iTransformer,3,0.05,5.328,20.123
electricity,feature_permutation,mae,iTransformer,3,0.075,6.652,19.621
electricity,feature_permutation,mae,iTransformer,3,0.1,7.411,19.312
electricity,feature_permutation,mae,iTransformer,3,0.15,8.769,18.639
electricity,integrated_gradients,mae,DLinear,1,0.05,8.658,18.643
electricity,integrated_gradients,mae,DLinear,1,0.075,10.576,19.062
electricity,integrated_gradients,mae,DLinear,1,0.1,11.498,19.273
electricity,integrated_gradients,mae,DLinear,1,0.15,13.136,19.659
electricity,integrated_gradients,mae,DLinear,2,0.05,8.129,18.417
electricity,integrated_gradients,mae,DLinear,2,0.075,9.982,18.866
electricity,integrated_gradients,mae,DLinear,2,0.1,10.9,19.084
electricity,integrated_gradients,mae,DLinear,2,0.15,12.536,19.483
electricity,integrated_gradients,mae,DLinear,3,0.05,8.46,18.422
electricity,integrated_gradients,mae,DLinear,3,0.075,10.342,18.862
electricity,integrated_gradients,mae,DLinear,3,0.1,11.255,19.078
electricity,integrated_gradients,mae,DLinear,3,0.15,12.896,19.486
electricity,integrated_gradients,mae,MICN,1,0.05,10.657,15.441
electricity,integrated_gradients,mae,MICN,1,0.075,12.986,16.046
electricity,integrated_gradients,mae,MICN,1,0.1,14.267,16.527
electricity,integrated_gradients,mae,MICN,1,0.15,16.687,17.613
electricity,integrated_gradients,mae,MICN,2,0.05,10.897,15.259
electricity,integrated_gradients,mae,MICN,2,0.075,13.229,15.8
electricity,integrated_gradients,mae,MICN,2,0.1,14.486,16.224
electricity,integrated_gradients,mae,MICN,2,0.15,16.825,17.236
electricity,integrated_gradients,mae,MICN,3,0.05,10.653,15.358
electricity,integrated_gradients,mae,MICN,3,0.075,13.04,15.975
electricity,integrated_gradients,mae,MICN,3,0.1,14.344,16.458
electricity,integrated_gradients,mae,MICN,3,0.15,16.809,17.595
electricity,integrated_gradients,mae,SegRNN,1,0.05,9.248,16.071
electricity,integrated_gradients,mae,SegRNN,1,0.075,11.622,15.572
electricity,integrated_gradients,mae,SegRNN,1,0.1,12.667,15.338
electricity,integrated_gradients,mae,SegRNN,1,0.15,14.357,14.949
electricity,integrated_gradients,mae,SegRNN,2,0.05,9.554,15.388
electricity,integrated_gradients,mae,SegRNN,2,0.075,11.51,14.933
electricity,integrated_gradients,mae,SegRNN,2,0.1,12.389,14.719
electricity,integrated_gradients,mae,SegRNN,2,0.15,13.886,14.376
electricity,integrated_gradients,mae,SegRNN,3,0.05,8.902,15.496
electricity,integrated_gradients,mae,SegRNN,3,0.075,11.253,14.966
electricity,integrated_gradients,mae,SegRNN,3,0.1,12.29,14.72
electricity,integrated_gradients,mae,SegRNN,3,0.15,13.959,14.324
electricity,integrated_gradients,mae,iTransformer,1,0.05,12.372,24.167
electricity,integrated_gradients,mae,iTransformer,1,0.075,15.406,24.775
electricity,integrated_gradients,mae,iTransformer,1,0.1,17.074,25.072
electricity,integrated_gradients,mae,iTransformer,1,0.15,19.549,25.183
electricity,integrated_gradients,mae,iTransformer,2,0.05,12.648,24.071
electricity,integrated_gradients,mae,iTransformer,2,0.075,15.761,24.658
electricity,integrated_gradients,mae,iTransformer,2,0.1,17.475,24.961
electricity,integrated_gradients,mae,iTransformer,2,0.15,20.028,25.051
electricity,integrated_gradients,mae,iTransformer,3,0.05,12.251,24.426
electricity,integrated_gradients,mae,iTransformer,3,0.075,15.107,24.876
electricity,integrated_gradients,mae,iTransformer,3,0.1,16.638,25.072
electricity,integrated_gradients,mae,iTransformer,3,0.15,18.884,24.958
electricity,gradient_shap,mae,DLinear,1,0.05,6.307,17.663
electricity,gradient_shap,mae,DLinear,1,0.075,7.615,17.625
electricity,gradient_shap,mae,DLinear,1,0.1,8.275,17.565
electricity,gradient_shap,mae,DLinear,1,0.15,9.507,17.397
electricity,gradient_shap,mae,DLinear,2,0.05,5.852,17.235
electricity,gradient_shap,mae,DLinear,2,0.075,7.115,17.224
electricity,gradient_shap,mae,DLinear,2,0.1,7.752,17.194
electricity,gradient_shap,mae,DLinear,2,0.15,8.982,17.076
electricity,gradient_shap,mae,DLinear,3,0.05,6.13,17.41
electricity,gradient_shap,mae,DLinear,3,0.075,7.392,17.387
electricity,gradient_shap,mae,DLinear,3,0.1,8.032,17.347
electricity,gradient_shap,mae,DLinear,3,0.15,9.24,17.22
electricity,gradient_shap,mae,MICN,1,0.05,8.46,14.805
electricity,gradient_shap,mae,MICN,1,0.075,9.958,14.671
electricity,gradient_shap,mae,MICN,1,0.1,10.768,14.681
electricity,gradient_shap,mae,MICN,1,0.15,12.362,14.835
electricity,gradient_shap,mae,MICN,2,0.05,8.378,14.544
electricity,gradient_shap,mae,MICN,2,0.075,9.922,14.366
electricity,gradient_shap,mae,MICN,2,0.1,10.724,14.359
electricity,gradient_shap,mae,MICN,2,0.15,12.279,14.49
electricity,gradient_shap,mae,MICN,3,0.05,8.316,14.665
electricity,gradient_shap,mae,MICN,3,0.075,9.885,14.544
electricity,gradient_shap,mae,MICN,3,0.1,10.71,14.576
electricity,gradient_shap,mae,MICN,3,0.15,12.33,14.767
electricity,gradient_shap,mae,SegRNN,1,0.05,6.738,16.355
electricity,gradient_shap,mae,SegRNN,1,0.075,8.721,15.778
electricity,gradient_shap,mae,SegRNN,1,0.1,9.64,15.46
electricity,gradient_shap,mae,SegRNN,1,0.15,11.214,14.816
electricity,gradient_shap,mae,SegRNN,2,0.05,7.344,15.847
electricity,gradient_shap,mae,SegRNN,2,0.075,9.061,15.269
electricity,gradient_shap,mae,SegRNN,2,0.1,9.882,14.953
electricity,gradient_shap,mae,SegRNN,2,0.15,11.338,14.294
electricity,gradient_shap,mae,SegRNN,3,0.05,6.519,15.888
electricity,gradient_shap,mae,SegRNN,3,0.075,8.447,15.318
electricity,gradient_shap,mae,SegRNN,3,0.1,9.365,14.995
electricity,gradient_shap,mae,SegRNN,3,0.15,10.961,14.321
electricity,gradient_shap,mae,iTransformer,1,0.05,6.028,20.784
electricity,gradient_shap,mae,iTransformer,1,0.075,7.684,20.588
electricity,gradient_shap,mae,iTransformer,1,0.1,8.684,20.477
electricity,gradient_shap,mae,iTransformer,1,0.15,10.432,20.202
electricity,gradient_shap,mae,iTransformer,2,0.05,6.16,20.451
electricity,gradient_shap,mae,iTransformer,2,0.075,7.801,20.299
electricity,gradient_shap,mae,iTransformer,2,0.1,8.777,20.209
electricity,gradient_shap,mae,iTransformer,2,0.15,10.522,19.966
electricity,gradient_shap,mae,iTransformer,3,0.05,6.049,20.622
electricity,gradient_shap,mae,iTransformer,3,0.075,7.619,20.427
electricity,gradient_shap,mae,iTransformer,3,0.1,8.55,20.311
electricity,gradient_shap,mae,iTransformer,3,0.15,10.202,20.003
electricity,dyna_mask,mae,DLinear,1,0.05,2.185,17.317
electricity,dyna_mask,mae,DLinear,1,0.075,3.253,16.891
electricity,dyna_mask,mae,DLinear,1,0.1,3.883,16.649
electricity,dyna_mask,mae,DLinear,1,0.15,5.366,16.047
electricity,dyna_mask,mae,DLinear,2,0.05,2.112,17.088
electricity,dyna_mask,mae,DLinear,2,0.075,3.154,16.664
electricity,dyna_mask,mae,DLinear,2,0.1,3.786,16.42
electricity,dyna_mask,mae,DLinear,2,0.15,5.32,15.812
electricity,dyna_mask,mae,DLinear,3,0.05,2.139,17.326
electricity,dyna_mask,mae,DLinear,3,0.075,3.208,16.897
electricity,dyna_mask,mae,DLinear,3,0.1,3.881,16.658
electricity,dyna_mask,mae,DLinear,3,0.15,5.397,16.027
electricity,dyna_mask,mae,MICN,1,0.05,5.08,15.298
electricity,dyna_mask,mae,MICN,1,0.075,6.723,14.663
electricity,dyna_mask,mae,MICN,1,0.1,7.583,14.318
electricity,dyna_mask,mae,MICN,1,0.15,8.991,13.693
electricity,dyna_mask,mae,MICN,2,0.05,5.216,15.393
electricity,dyna_mask,mae,MICN,2,0.075,6.843,14.713
electricity,dyna_mask,mae,MICN,2,0.1,7.67,14.389
electricity,dyna_mask,mae,MICN,2,0.15,9.102,13.742
electricity,dyna_mask,mae,MICN,3,0.05,5.044,15.347
electricity,dyna_mask,mae,MICN,3,0.075,6.715,14.704
electricity,dyna_mask,mae,MICN,3,0.1,7.531,14.38
electricity,dyna_mask,mae,MICN,3,0.15,9.019,13.672
electricity,dyna_mask,mae,SegRNN,1,0.05,2.465,17.595
electricity,dyna_mask,mae,SegRNN,1,0.075,3.605,17.303
electricity,dyna_mask,mae,SegRNN,1,0.1,4.251,17.1
electricity,dyna_mask,mae,SegRNN,1,0.15,5.684,16.619
electricity,dyna_mask,mae,SegRNN,2,0.05,2.286,17.289
electricity,dyna_mask,mae,SegRNN,2,0.075,3.373,16.958
electricity,dyna_mask,mae,SegRNN,2,0.1,4.001,16.734
electricity,dyna_mask,mae,SegRNN,2,0.15,5.458,16.205
electricity,dyna_mask,mae,SegRNN,3,0.05,2.403,17.233
electricity,dyna_mask,mae,SegRNN,3,0.075,3.527,16.918
electricity,dyna_mask,mae,SegRNN,3,0.1,4.171,16.714
electricity,dyna_mask,mae,SegRNN,3,0.15,5.627,16.204
electricity,dyna_mask,mae,iTransformer,1,0.05,2.714,21.17
electricity,dyna_mask,mae,iTransformer,1,0.075,3.597,20.814
electricity,dyna_mask,mae,iTransformer,1,0.1,4.26,20.587
electricity,dyna_mask,mae,iTransformer,1,0.15,5.606,19.981
electricity,dyna_mask,mae,iTransformer,2,0.05,2.468,20.775
electricity,dyna_mask,mae,iTransformer,2,0.075,3.273,20.421
electricity,dyna_mask,mae,iTransformer,2,0.1,3.962,20.189
electricity,dyna_mask,mae,iTransformer,2,0.15,5.323,19.578
electricity,dyna_mask,mae,iTransformer,3,0.05,2.626,21.176
electricity,dyna_mask,mae,iTransformer,3,0.075,3.553,20.82
electricity,dyna_mask,mae,iTransformer,3,0.1,4.249,20.59
electricity,dyna_mask,mae,iTransformer,3,0.15,5.52,19.972
electricity,winIT,mae,DLinear,1,0.05,10.058,14.177
electricity,winIT,mae,DLinear,1,0.075,10.479,13.783
electricity,winIT,mae,DLinear,1,0.1,10.653,13.55
electricity,winIT,mae,DLinear,1,0.15,11.002,12.962
electricity,winIT,mae,DLinear,2,0.05,9.955,13.932
electricity,winIT,mae,DLinear,2,0.075,10.363,13.554
electricity,winIT,mae,DLinear,2,0.1,10.559,13.327
electricity,winIT,mae,DLinear,2,0.15,10.933,12.749
electricity,winIT,mae,DLinear,3,0.05,10.239,13.974
electricity,winIT,mae,DLinear,3,0.075,10.692,13.599
electricity,winIT,mae,DLinear,3,0.1,10.871,13.366
electricity,winIT,mae,DLinear,3,0.15,11.203,12.793
electricity,winIT,mae,MICN,1,0.05,9.014,13.892
electricity,winIT,mae,MICN,1,0.075,9.502,13.724
electricity,winIT,mae,MICN,1,0.1,9.713,13.647
electricity,winIT,mae,MICN,1,0.15,10.128,13.482
electricity,winIT,mae,MICN,2,0.05,9.23,13.955
electricity,winIT,mae,MICN,2,0.075,9.703,13.802
electricity,winIT,mae,MICN,2,0.1,9.917,13.724
electricity,winIT,mae,MICN,2,0.15,10.331,13.564
electricity,winIT,mae,MICN,3,0.05,8.944,13.791
electricity,winIT,mae,MICN,3,0.075,9.447,13.626
electricity,winIT,mae,MICN,3,0.1,9.664,13.544
electricity,winIT,mae,MICN,3,0.15,10.079,13.395
electricity,winIT,mae,SegRNN,1,0.05,9.222,15.286
electricity,winIT,mae,SegRNN,1,0.075,9.796,15.039
electricity,winIT,mae,SegRNN,1,0.1,10.099,14.881
electricity,winIT,mae,SegRNN,1,0.15,10.718,14.462
electricity,winIT,mae,SegRNN,2,0.05,9.499,14.838
electricity,winIT,mae,SegRNN,2,0.075,9.979,14.596
electricity,winIT,mae,SegRNN,2,0.1,10.229,14.443
electricity,winIT,mae,SegRNN,2,0.15,10.783,14.038
electricity,winIT,mae,SegRNN,3,0.05,8.859,14.864
electricity,winIT,mae,SegRNN,3,0.075,9.385,14.625
electricity,winIT,mae,SegRNN,3,0.1,9.663,14.471
electricity,winIT,mae,SegRNN,3,0.15,10.271,14.069
electricity,winIT,mae,iTransformer,1,0.05,7.52,17.951
electricity,winIT,mae,iTransformer,1,0.075,8.476,17.504
electricity,winIT,mae,iTransformer,1,0.1,9.138,17.179
electricity,winIT,mae,iTransformer,1,0.15,10.329,16.397
electricity,winIT,mae,iTransformer,2,0.05,7.383,17.901
electricity,winIT,mae,iTransformer,2,0.075,8.298,17.464
electricity,winIT,mae,iTransformer,2,0.1,8.955,17.143
electricity,winIT,mae,iTransformer,2,0.15,10.122,16.364
electricity,winIT,mae,iTransformer,3,0.05,7.46,18.31
electricity,winIT,mae,iTransformer,3,0.075,8.404,17.83
electricity,winIT,mae,iTransformer,3,0.1,9.045,17.507
electricity,winIT,mae,iTransformer,3,0.15,10.229,16.686
electricity,tsr,mae,DLinear,1,0.05,6.402,12.911
electricity,tsr,mae,DLinear,1,0.075,7.954,12.354
electricity,tsr,mae,DLinear,1,0.1,8.816,11.984
electricity,tsr,mae,DLinear,1,0.15,10.811,11.026
electricity,tsr,mae,DLinear,2,0.05,6.192,12.571
electricity,tsr,mae,DLinear,2,0.075,7.68,12.067
electricity,tsr,mae,DLinear,2,0.1,8.544,11.708
electricity,tsr,mae,DLinear,2,0.15,10.496,10.774
electricity,tsr,mae,DLinear,3,0.05,6.462,12.784
electricity,tsr,mae,DLinear,3,0.075,8.008,12.22
electricity,tsr,mae,DLinear,3,0.1,8.879,11.846
electricity,tsr,mae,DLinear,3,0.15,10.834,10.92
electricity,tsr,mae,MICN,1,0.05,9.622,15.222
electricity,tsr,mae,MICN,1,0.075,11.189,14.577
electricity,tsr,mae,MICN,1,0.1,12.011,14.084
electricity,tsr,mae,MICN,1,0.15,13.749,12.554
electricity,tsr,mae,MICN,2,0.05,9.757,15.264
electricity,tsr,mae,MICN,2,0.075,11.306,14.641
electricity,tsr,mae,MICN,2,0.1,12.09,14.137
electricity,tsr,mae,MICN,2,0.15,13.755,12.65
electricity,tsr,mae,MICN,3,0.05,9.56,15.202
electricity,tsr,mae,MICN,3,0.075,11.128,14.482
electricity,tsr,mae,MICN,3,0.1,11.977,13.997
electricity,tsr,mae,MICN,3,0.15,13.71,12.603
electricity,tsr,mae,SegRNN,1,0.05,4.341,14.418
electricity,tsr,mae,SegRNN,1,0.075,5.941,13.142
electricity,tsr,mae,SegRNN,1,0.1,6.917,12.38
electricity,tsr,mae,SegRNN,1,0.15,9.144,10.838
electricity,tsr,mae,SegRNN,2,0.05,4.685,13.994
electricity,tsr,mae,SegRNN,2,0.075,6.285,12.946
electricity,tsr,mae,SegRNN,2,0.1,7.205,12.323
electricity,tsr,mae,SegRNN,2,0.15,9.296,11.069
electricity,tsr,mae,SegRNN,3,0.05,7.81,11.607
electricity,tsr,mae,SegRNN,3,0.075,9.193,10.797
electricity,tsr,mae,SegRNN,3,0.1,10.0,10.452
electricity,tsr,mae,SegRNN,3,0.15,12.068,10.166
electricity,tsr,mae,iTransformer,1,0.05,5.691,17.675
electricity,tsr,mae,iTransformer,1,0.075,7.437,16.591
electricity,tsr,mae,iTransformer,1,0.1,8.456,15.989
electricity,tsr,mae,iTransformer,1,0.15,10.523,14.723
electricity,tsr,mae,iTransformer,2,0.05,5.135,17.77
electricity,tsr,mae,iTransformer,2,0.075,6.676,16.737
electricity,tsr,mae,iTransformer,2,0.1,7.618,16.13
electricity,tsr,mae,iTransformer,2,0.15,9.494,14.883
electricity,tsr,mae,iTransformer,3,0.05,5.72,18.145
electricity,tsr,mae,iTransformer,3,0.075,7.41,17.02
electricity,tsr,mae,iTransformer,3,0.1,8.417,16.395
electricity,tsr,mae,iTransformer,3,0.15,10.388,15.155
electricity,gatemask,mae,DLinear,1,0.05,4.185,15.785
electricity,gatemask,mae,DLinear,1,0.075,6.576,14.457
electricity,gatemask,mae,DLinear,1,0.1,8.227,13.564
electricity,gatemask,mae,DLinear,1,0.15,11.277,11.532
electricity,gatemask,mae,DLinear,2,0.05,4.058,15.621
electricity,gatemask,mae,DLinear,2,0.075,6.554,14.184
electricity,gatemask,mae,DLinear,2,0.1,8.21,13.311
electricity,gatemask,mae,DLinear,2,0.15,11.36,11.281
electricity,gatemask,mae,DLinear,3,0.05,4.239,15.942
electricity,gatemask,mae,DLinear,3,0.075,6.753,14.55
electricity,gatemask,mae,DLinear,3,0.1,8.427,13.589
electricity,gatemask,mae,DLinear,3,0.15,11.793,11.362
electricity,gatemask,mae,MICN,1,0.05,6.674,14.486
electricity,gatemask,mae,MICN,1,0.075,9.098,13.084
electricity,gatemask,mae,MICN,1,0.1,10.48,12.073
electricity,gatemask,mae,MICN,1,0.15,12.722,9.775
electricity,gatemask,mae,MICN,2,0.05,6.337,14.835
electricity,gatemask,mae,MICN,2,0.075,8.842,13.354
electricity,gatemask,mae,MICN,2,0.1,10.359,12.365
electricity,gatemask,mae,MICN,2,0.15,12.914,9.938
electricity,gatemask,mae,MICN,3,0.05,6.641,14.5
electricity,gatemask,mae,MICN,3,0.075,8.969,13.098
electricity,gatemask,mae,MICN,3,0.1,10.387,12.14
electricity,gatemask,mae,MICN,3,0.15,12.689,9.871
electricity,gatemask,mae,SegRNN,1,0.05,2.884,17.133
electricity,gatemask,mae,SegRNN,1,0.075,4.19,16.665
electricity,gatemask,mae,SegRNN,1,0.1,4.922,16.391
electricity,gatemask,mae,SegRNN,1,0.15,6.525,15.627
electricity,gatemask,mae,SegRNN,2,0.05,2.723,17.094
electricity,gatemask,mae,SegRNN,2,0.075,4.021,16.616
electricity,gatemask,mae,SegRNN,2,0.1,4.798,16.3
electricity,gatemask,mae,SegRNN,2,0.15,6.532,15.444
electricity,gatemask,mae,SegRNN,3,0.05,2.767,16.922
electricity,gatemask,mae,SegRNN,3,0.075,4.04,16.445
electricity,gatemask,mae,SegRNN,3,0.1,4.758,16.152
electricity,gatemask,mae,SegRNN,3,0.15,6.459,15.299
electricity,gatemask,mae,iTransformer,1,0.05,3.346,20.303
electricity,gatemask,mae,iTransformer,1,0.075,4.959,19.348
electricity,gatemask,mae,iTransformer,1,0.1,6.233,18.718
electricity,gatemask,mae,iTransformer,1,0.15,8.888,16.848
electricity,gatemask,mae,iTransformer,2,0.05,3.389,20.061
electricity,gatemask,mae,iTransformer,2,0.075,5.014,19.119
electricity,gatemask,mae,iTransformer,2,0.1,6.404,18.427
electricity,gatemask,mae,iTransformer,2,0.15,9.01,16.52
electricity,gatemask,mae,iTransformer,3,0.05,3.454,20.212
electricity,gatemask,mae,iTransformer,3,0.075,5.111,19.201
electricity,gatemask,mae,iTransformer,3,0.1,6.514,18.491
electricity,gatemask,mae,iTransformer,3,0.15,9.192,16.432
electricity,wtsr,mae,DLinear,1,0.05,11.126,12.623
electricity,wtsr,mae,DLinear,1,0.075,11.668,11.748
electricity,wtsr,mae,DLinear,1,0.1,11.953,11.203
electricity,wtsr,mae,DLinear,1,0.15,12.638,9.959
electricity,wtsr,mae,DLinear,2,0.05,10.877,12.363
electricity,wtsr,mae,DLinear,2,0.075,11.404,11.52
electricity,wtsr,mae,DLinear,2,0.1,11.681,11.002
electricity,wtsr,mae,DLinear,2,0.15,12.351,9.822
electricity,wtsr,mae,DLinear,3,0.05,11.189,12.542
electricity,wtsr,mae,DLinear,3,0.075,11.698,11.663
electricity,wtsr,mae,DLinear,3,0.1,11.965,11.126
electricity,wtsr,mae,DLinear,3,0.15,12.626,9.899
electricity,wtsr,mae,MICN,1,0.05,11.699,11.575
electricity,wtsr,mae,MICN,1,0.075,12.416,10.167
electricity,wtsr,mae,MICN,1,0.1,12.852,9.323
electricity,wtsr,mae,MICN,1,0.15,13.622,7.869
electricity,wtsr,mae,MICN,2,0.05,11.898,11.592
electricity,wtsr,mae,MICN,2,0.075,12.69,10.18
electricity,wtsr,mae,MICN,2,0.1,13.118,9.372
electricity,wtsr,mae,MICN,2,0.15,13.93,7.904
electricity,wtsr,mae,MICN,3,0.05,11.6,11.703
electricity,wtsr,mae,MICN,3,0.075,12.432,10.288
electricity,wtsr,mae,MICN,3,0.1,12.912,9.452
electricity,wtsr,mae,MICN,3,0.15,13.764,8.009
electricity,wtsr,mae,SegRNN,1,0.05,11.456,13.682
electricity,wtsr,mae,SegRNN,1,0.075,12.51,12.693
electricity,wtsr,mae,SegRNN,1,0.1,12.999,12.106
electricity,wtsr,mae,SegRNN,1,0.15,13.858,10.815
electricity,wtsr,mae,SegRNN,2,0.05,11.574,13.194
electricity,wtsr,mae,SegRNN,2,0.075,12.626,12.176
electricity,wtsr,mae,SegRNN,2,0.1,13.116,11.578
electricity,wtsr,mae,SegRNN,2,0.15,13.953,10.26
electricity,wtsr,mae,SegRNN,3,0.05,11.119,13.551
electricity,wtsr,mae,SegRNN,3,0.075,12.259,12.538
electricity,wtsr,mae,SegRNN,3,0.1,12.783,11.95
electricity,wtsr,mae,SegRNN,3,0.15,13.696,10.646
electricity,wtsr,mae,iTransformer,1,0.05,10.732,16.041
electricity,wtsr,mae,iTransformer,1,0.075,12.164,14.796
electricity,wtsr,mae,iTransformer,1,0.1,12.931,14.012
electricity,wtsr,mae,iTransformer,1,0.15,14.301,12.451
electricity,wtsr,mae,iTransformer,2,0.05,11.071,16.059
electricity,wtsr,mae,iTransformer,2,0.075,12.415,14.854
electricity,wtsr,mae,iTransformer,2,0.1,13.111,14.067
electricity,wtsr,mae,iTransformer,2,0.15,14.381,12.469
electricity,wtsr,mae,iTransformer,3,0.05,11.093,16.48
electricity,wtsr,mae,iTransformer,3,0.075,12.459,15.215
electricity,wtsr,mae,iTransformer,3,0.1,13.16,14.401
electricity,wtsr,mae,iTransformer,3,0.15,14.421,12.736
traffic,feature_ablation,mae,DLinear,1,0.05,8.138,24.578
traffic,feature_ablation,mae,DLinear,1,0.075,10.01,22.956
traffic,feature_ablation,mae,DLinear,1,0.1,10.826,21.98
traffic,feature_ablation,mae,DLinear,1,0.15,12.393,19.823
traffic,feature_ablation,mae,DLinear,2,0.05,8.17,24.84
traffic,feature_ablation,mae,DLinear,2,0.075,10.029,23.197
traffic,feature_ablation,mae,DLinear,2,0.1,10.903,22.209
traffic,feature_ablation,mae,DLinear,2,0.15,12.571,20.018
traffic,feature_ablation,mae,DLinear,3,0.05,8.074,24.513
traffic,feature_ablation,mae,DLinear,3,0.075,9.988,22.877
traffic,feature_ablation,mae,DLinear,3,0.1,10.806,21.886
traffic,feature_ablation,mae,DLinear,3,0.15,12.385,19.695
traffic,feature_ablation,mae,MICN,1,0.05,7.48,19.022
traffic,feature_ablation,mae,MICN,1,0.075,9.368,16.968
traffic,feature_ablation,mae,MICN,1,0.1,10.319,15.879
traffic,feature_ablation,mae,MICN,1,0.15,12.182,13.752
traffic,feature_ablation,mae,MICN,2,0.05,7.696,18.667
traffic,feature_ablation,mae,MICN,2,0.075,9.562,16.625
traffic,feature_ablation,mae,MICN,2,0.1,10.528,15.539
traffic,feature_ablation,mae,MICN,2,0.15,12.383,13.443
traffic,feature_ablation,mae,MICN,3,0.05,7.766,19.579
traffic,feature_ablation,mae,MICN,3,0.075,9.767,17.4
traffic,feature_ablation,mae,MICN,3,0.1,10.792,16.252
traffic,feature_ablation,mae,MICN,3,0.15,12.794,14.043
traffic,feature_ablation,mae,SegRNN,1,0.05,12.51,20.797
traffic,feature_ablation,mae,SegRNN,1,0.075,13.71,18.617
traffic,feature_ablation,mae,SegRNN,1,0.1,14.196,17.386
traffic,feature_ablation,mae,SegRNN,1,0.15,15.114,14.823
traffic,feature_ablation,mae,SegRNN,2,0.05,11.99,20.8
traffic,feature_ablation,mae,SegRNN,2,0.075,13.218,18.678
traffic,feature_ablation,mae,SegRNN,2,0.1,13.753,17.462
traffic,feature_ablation,mae,SegRNN,2,0.15,14.792,14.931
traffic,feature_ablation,mae,SegRNN,3,0.05,11.639,20.558
traffic,feature_ablation,mae,SegRNN,3,0.075,12.706,18.451
traffic,feature_ablation,mae,SegRNN,3,0.1,13.26,17.241
traffic,feature_ablation,mae,SegRNN,3,0.15,14.409,14.67
traffic,feature_ablation,mae,iTransformer,1,0.05,7.288,25.813
traffic,feature_ablation,mae,iTransformer,1,0.075,8.832,23.718
traffic,feature_ablation,mae,iTransformer,1,0.1,9.707,22.422
traffic,feature_ablation,mae,iTransformer,1,0.15,11.336,19.571
traffic,feature_ablation,mae,iTransformer,2,0.05,7.258,25.723
traffic,feature_ablation,mae,iTransformer,2,0.075,8.869,23.583
traffic,feature_ablation,mae,iTransformer,2,0.1,9.758,22.291
traffic,feature_ablation,mae,iTransformer,2,0.15,11.401,19.474
traffic,feature_ablation,mae,iTransformer,3,0.05,7.187,25.738
traffic,feature_ablation,mae,iTransformer,3,0.075,8.845,23.657
traffic,feature_ablation,mae,iTransformer,3,0.1,9.768,22.406
traffic,feature_ablation,mae,iTransformer,3,0.15,11.43,19.649
traffic,augmented_occlusion,mae,DLinear,1,0.05,6.533,25.233
traffic,augmented_occlusion,mae,DLinear,1,0.075,8.097,23.94
traffic,augmented_occlusion,mae,DLinear,1,0.1,8.815,23.175
traffic,augmented_occlusion,mae,DLinear,1,0.15,10.263,21.481
traffic,augmented_occlusion,mae,DLinear,2,0.05,6.702,25.574
traffic,augmented_occlusion,mae,DLinear,2,0.075,8.23,24.28
traffic,augmented_occlusion,mae,DLinear,2,0.1,8.974,23.502
traffic,augmented_occlusion,mae,DLinear,2,0.15,10.47,21.766
traffic,augmented_occlusion,mae,DLinear,3,0.05,6.486,25.248
traffic,augmented_occlusion,mae,DLinear,3,0.075,8.027,23.941
traffic,augmented_occlusion,mae,DLinear,3,0.1,8.755,23.169
traffic,augmented_occlusion,mae,DLinear,3,0.15,10.19,21.458
traffic,augmented_occlusion,mae,MICN,1,0.05,6.471,20.268
traffic,augmented_occlusion,mae,MICN,1,0.075,8.063,18.631
traffic,augmented_occlusion,mae,MICN,1,0.1,8.823,17.772
traffic,augmented_occlusion,mae,MICN,1,0.15,10.212,16.095
traffic,augmented_occlusion,mae,MICN,2,0.05,6.667,19.814
traffic,augmented_occlusion,mae,MICN,2,0.075,8.248,18.159
traffic,augmented_occlusion,mae,MICN,2,0.1,9.0,17.273
traffic,augmented_occlusion,mae,MICN,2,0.15,10.381,15.597
traffic,augmented_occlusion,mae,MICN,3,0.05,6.574,20.867
traffic,augmented_occlusion,mae,MICN,3,0.075,8.162,19.172
traffic,augmented_occlusion,mae,MICN,3,0.1,8.948,18.281
traffic,augmented_occlusion,mae,MICN,3,0.15,10.386,16.553
traffic,augmented_occlusion,mae,SegRNN,1,0.05,11.352,22.046
traffic,augmented_occlusion,mae,SegRNN,1,0.075,12.519,20.359
traffic,augmented_occlusion,mae,SegRNN,1,0.1,13.004,19.381
traffic,augmented_occlusion,mae,SegRNN,1,0.15,13.869,17.232
traffic,augmented_occlusion,mae,SegRNN,2,0.05,10.656,22.04
traffic,augmented_occlusion,mae,SegRNN,2,0.075,11.881,20.399
traffic,augmented_occlusion,mae,SegRNN,2,0.1,12.386,19.446
traffic,augmented_occlusion,mae,SegRNN,2,0.15,13.281,17.361
traffic,augmented_occlusion,mae,SegRNN,3,0.05,10.164,21.781
traffic,augmented_occlusion,mae,SegRNN,3,0.075,11.281,20.139
traffic,augmented_occlusion,mae,SegRNN,3,0.1,11.785,19.168
traffic,augmented_occlusion,mae,SegRNN,3,0.15,12.741,17.083
traffic,augmented_occlusion,mae,iTransformer,1,0.05,6.046,27.081
traffic,augmented_occlusion,mae,iTransformer,1,0.075,7.274,25.373
traffic,augmented_occlusion,mae,iTransformer,1,0.1,8.023,24.305
traffic,augmented_occlusion,mae,iTransformer,1,0.15,9.309,21.92
traffic,augmented_occlusion,mae,iTransformer,2,0.05,5.897,27.149
traffic,augmented_occlusion,mae,iTransformer,2,0.075,7.126,25.418
traffic,augmented_occlusion,mae,iTransformer,2,0.1,7.895,24.35
traffic,augmented_occlusion,mae,iTransformer,2,0.15,9.241,21.939
traffic,augmented_occlusion,mae,iTransformer,3,0.05,5.962,26.74
traffic,augmented_occlusion,mae,iTransformer,3,0.075,7.237,25.062
traffic,augmented_occlusion,mae,iTransformer,3,0.1,8.018,24.028
traffic,augmented_occlusion,mae,iTransformer,3,0.15,9.367,21.705
traffic,feature_permutation,mae,DLinear,1,0.05,5.721,26.002
traffic,feature_permutation,mae,DLinear,1,0.075,7.089,25.09
traffic,feature_permutation,mae,DLinear,1,0.1,7.79,24.551
traffic,feature_permutation,mae,DLinear,1,0.15,9.19,23.342
traffic,feature_permutation,mae,DLinear,2,0.05,5.697,26.18
traffic,feature_permutation,mae,DLinear,2,0.075,7.082,25.278
traffic,feature_permutation,mae,DLinear,2,0.1,7.81,24.74
traffic,feature_permutation,mae,DLinear,2,0.15,9.272,23.525
traffic,feature_permutation,mae,DLinear,3,0.05,5.752,25.93
traffic,feature_permutation,mae,DLinear,3,0.075,7.105,25.01
traffic,feature_permutation,mae,DLinear,3,0.1,7.799,24.472
traffic,feature_permutation,mae,DLinear,3,0.15,9.183,23.234
traffic,feature_permutation,mae,MICN,1,0.05,5.437,20.819
traffic,feature_permutation,mae,MICN,1,0.075,6.697,19.724
traffic,feature_permutation,mae,MICN,1,0.1,7.289,19.159
traffic,feature_permutation,mae,MICN,1,0.15,8.44,18.02
traffic,feature_permutation,mae,MICN,2,0.05,5.68,20.245
traffic,feature_permutation,mae,MICN,2,0.075,6.923,19.151
traffic,feature_permutation,mae,MICN,2,0.1,7.489,18.604
traffic,feature_permutation,mae,MICN,2,0.15,8.59,17.499
traffic,feature_permutation,mae,MICN,3,0.05,5.712,21.387
traffic,feature_permutation,mae,MICN,3,0.075,7.036,20.253
traffic,feature_permutation,mae,MICN,3,0.1,7.642,19.683
traffic,feature_permutation,mae,MICN,3,0.15,8.827,18.512
traffic,feature_permutation,mae,SegRNN,1,0.05,9.168,22.536
traffic,feature_permutation,mae,SegRNN,1,0.075,10.598,21.17
traffic,feature_permutation,mae,SegRNN,1,0.1,11.252,20.421
traffic,feature_permutation,mae,SegRNN,1,0.15,12.399,18.885
traffic,feature_permutation,mae,SegRNN,2,0.05,8.822,22.259
traffic,feature_permutation,mae,SegRNN,2,0.075,10.202,20.942
traffic,feature_permutation,mae,SegRNN,2,0.1,10.809,20.209
traffic,feature_permutation,mae,SegRNN,2,0.15,11.912,18.702
traffic,feature_permutation,mae,SegRNN,3,0.05,8.339,22.522
traffic,feature_permutation,mae,SegRNN,3,0.075,9.718,21.136
traffic,feature_permutation,mae,SegRNN,3,0.1,10.369,20.36
traffic,feature_permutation,mae,SegRNN,3,0.15,11.543,18.77
traffic,feature_permutation,mae,iTransformer,1,0.05,5.296,26.908
traffic,feature_permutation,mae,iTransformer,1,0.075,6.751,25.354
traffic,feature_permutation,mae,iTransformer,1,0.1,7.629,24.429
traffic,feature_permutation,mae,iTransformer,1,0.15,9.254,22.45
traffic,feature_permutation,mae,iTransformer,2,0.05,5.259,26.738
traffic,feature_permutation,mae,iTransformer,2,0.075,6.747,25.18
traffic,feature_permutation,mae,iTransformer,2,0.1,7.631,24.267
traffic,feature_permutation,mae,iTransformer,2,0.15,9.299,22.314
traffic,feature_permutation,mae,iTransformer,3,0.05,5.323,26.613
traffic,feature_permutation,mae,iTransformer,3,0.075,6.782,25.079
traffic,feature_permutation,mae,iTransformer,3,0.1,7.644,24.193
traffic,feature_permutation,mae,iTransformer,3,0.15,9.276,22.27
traffic,integrated_gradients,mae,DLinear,1,0.05,8.404,25.314
traffic,integrated_gradients,mae,DLinear,1,0.075,10.354,24.332
traffic,integrated_gradients,mae,DLinear,1,0.1,11.328,23.79
traffic,integrated_gradients,mae,DLinear,1,0.15,13.3,22.708
traffic,integrated_gradients,mae,DLinear,2,0.05,8.503,25.471
traffic,integrated_gradients,mae,DLinear,2,0.075,10.518,24.499
traffic,integrated_gradients,mae,DLinear,2,0.1,11.544,23.971
traffic,integrated_gradients,mae,DLinear,2,0.15,13.623,22.924
traffic,integrated_gradients,mae,DLinear,3,0.05,8.264,25.253
traffic,integrated_gradients,mae,DLinear,3,0.075,10.221,24.234
traffic,integrated_gradients,mae,DLinear,3,0.1,11.19,23.679
traffic,integrated_gradients,mae,DLinear,3,0.15,13.166,22.551
traffic,integrated_gradients,mae,MICN,1,0.05,7.172,19.603
traffic,integrated_gradients,mae,MICN,1,0.075,8.786,18.494
traffic,integrated_gradients,mae,MICN,1,0.1,9.592,17.939
traffic,integrated_gradients,mae,MICN,1,0.15,11.232,16.867
traffic,integrated_gradients,mae,MICN,2,0.05,7.416,19.061
traffic,integrated_gradients,mae,MICN,2,0.075,8.974,17.96
traffic,integrated_gradients,mae,MICN,2,0.1,9.756,17.417
traffic,integrated_gradients,mae,MICN,2,0.15,11.357,16.382
traffic,integrated_gradients,mae,MICN,3,0.05,7.533,19.903
traffic,integrated_gradients,mae,MICN,3,0.075,9.227,18.719
traffic,integrated_gradients,mae,MICN,3,0.1,10.06,18.135
traffic,integrated_gradients,mae,MICN,3,0.15,11.758,17.013
traffic,integrated_gradients,mae,SegRNN,1,0.05,8.748,22.903
traffic,integrated_gradients,mae,SegRNN,1,0.075,10.692,21.535
traffic,integrated_gradients,mae,SegRNN,1,0.1,11.593,20.831
traffic,integrated_gradients,mae,SegRNN,1,0.15,13.242,19.553
traffic,integrated_gradients,mae,SegRNN,2,0.05,8.158,23.086
traffic,integrated_gradients,mae,SegRNN,2,0.075,10.09,21.666
traffic,integrated_gradients,mae,SegRNN,2,0.1,11.007,20.95
traffic,integrated_gradients,mae,SegRNN,2,0.15,12.75,19.64
traffic,integrated_gradients,mae,SegRNN,3,0.05,8.163,22.804
traffic,integrated_gradients,mae,SegRNN,3,0.075,10.351,21.407
traffic,integrated_gradients,mae,SegRNN,3,0.1,11.317,20.716
traffic,integrated_gradients,mae,SegRNN,3,0.15,13.018,19.446
traffic,integrated_gradients,mae,iTransformer,1,0.05,10.615,26.393
traffic,integrated_gradients,mae,iTransformer,1,0.075,12.769,25.172
traffic,integrated_gradients,mae,iTransformer,1,0.1,14.022,24.605
traffic,integrated_gradients,mae,iTransformer,1,0.15,16.136,23.536
traffic,integrated_gradients,mae,iTransformer,2,0.05,10.553,26.163
traffic,integrated_gradients,mae,iTransformer,2,0.075,12.706,24.957
traffic,integrated_gradients,mae,iTransformer,2,0.1,13.935,24.419
traffic,integrated_gradients,mae,iTransformer,2,0.15,16.033,23.4
traffic,integrated_gradients,mae,iTransformer,3,0.05,10.745,26.191
traffic,integrated_gradients,mae,iTransformer,3,0.075,12.889,25.044
traffic,integrated_gradients,mae,iTransformer,3,0.1,14.142,24.531
traffic,integrated_gradients,mae,iTransformer,3,0.15,16.213,23.523
traffic,gradient_shap,mae,DLinear,1,0.05,7.382,25.509
traffic,gradient_shap,mae,DLinear,1,0.075,9.126,24.501
traffic,gradient_shap,mae,DLinear,1,0.1,9.964,23.935
traffic,gradient_shap,mae,DLinear,1,0.15,11.653,22.732
traffic,gradient_shap,mae,DLinear,2,0.05,7.433,25.643
traffic,gradient_shap,mae,DLinear,2,0.075,9.169,24.663
traffic,gradient_shap,mae,DLinear,2,0.1,10.043,24.095
traffic,gradient_shap,mae,DLinear,2,0.15,11.83,22.905
traffic,gradient_shap,mae,DLinear,3,0.05,7.326,25.466
traffic,gradient_shap,mae,DLinear,3,0.075,9.073,24.439
traffic,gradient_shap,mae,DLinear,3,0.1,9.883,23.861
traffic,gradient_shap,mae,DLinear,3,0.15,11.558,22.599
traffic,gradient_shap,mae,MICN,1,0.05,6.423,19.984
traffic,gradient_shap,mae,MICN,1,0.075,7.938,18.796
traffic,gradient_shap,mae,MICN,1,0.1,8.633,18.218
traffic,gradient_shap,mae,MICN,1,0.15,10.034,17.053
traffic,gradient_shap,mae,MICN,2,0.05,6.66,19.521
traffic,gradient_shap,mae,MICN,2,0.075,8.138,18.326
traffic,gradient_shap,mae,MICN,2,0.1,8.819,17.745
traffic,gradient_shap,mae,MICN,2,0.15,10.186,16.599
traffic,gradient_shap,mae,MICN,3,0.05,6.761,20.453
traffic,gradient_shap,mae,MICN,3,0.075,8.357,19.214
traffic,gradient_shap,mae,MICN,3,0.1,9.083,18.608
traffic,gradient_shap,mae,MICN,3,0.15,10.557,17.368
traffic,gradient_shap,mae,SegRNN,1,0.05,7.09,23.766
traffic,gradient_shap,mae,SegRNN,1,0.075,9.252,22.373
traffic,gradient_shap,mae,SegRNN,1,0.1,10.196,21.595
traffic,gradient_shap,mae,SegRNN,1,0.15,11.836,20.098
traffic,gradient_shap,mae,SegRNN,2,0.05,6.847,23.796
traffic,gradient_shap,mae,SegRNN,2,0.075,8.775,22.435
traffic,gradient_shap,mae,SegRNN,2,0.1,9.657,21.707
traffic,gradient_shap,mae,SegRNN,2,0.15,11.264,20.269
traffic,gradient_shap,mae,SegRNN,3,0.05,6.565,23.388
traffic,gradient_shap,mae,SegRNN,3,0.075,8.63,22.025
traffic,gradient_shap,mae,SegRNN,3,0.1,9.568,21.276
traffic,gradient_shap,mae,SegRNN,3,0.15,11.24,19.769
traffic,gradient_shap,mae,iTransformer,1,0.05,6.234,26.685
traffic,gradient_shap,mae,iTransformer,1,0.075,7.88,25.204
traffic,gradient_shap,mae,iTransformer,1,0.1,8.872,24.37
traffic,gradient_shap,mae,iTransformer,1,0.15,10.67,22.655
traffic,gradient_shap,mae,iTransformer,2,0.05,6.08,26.722
traffic,gradient_shap,mae,iTransformer,2,0.075,7.77,25.256
traffic,gradient_shap,mae,iTransformer,2,0.1,8.756,24.416
traffic,gradient_shap,mae,iTransformer,2,0.15,10.613,22.684
traffic,gradient_shap,mae,iTransformer,3,0.05,6.093,26.653
traffic,gradient_shap,mae,iTransformer,3,0.075,7.754,25.237
traffic,gradient_shap,mae,iTransformer,3,0.1,8.756,24.448
traffic,gradient_shap,mae,iTransformer,3,0.15,10.596,22.804
traffic,dyna_mask,mae,DLinear,1,0.05,2.195,27.144
traffic,dyna_mask,mae,DLinear,1,0.075,3.055,26.499
traffic,dyna_mask,mae,DLinear,1,0.1,3.642,26.11
traffic,dyna_mask,mae,DLinear,1,0.15,4.855,25.354
traffic,dyna_mask,mae,DLinear,2,0.05,2.298,27.278
traffic,dyna_mask,mae,DLinear,2,0.075,3.225,26.654
traffic,dyna_mask,mae,DLinear,2,0.1,3.829,26.282
traffic,dyna_mask,mae,DLinear,2,0.15,5.08,25.539
traffic,dyna_mask,mae,DLinear,3,0.05,2.187,27.098
traffic,dyna_mask,mae,DLinear,3,0.075,2.994,26.441
traffic,dyna_mask,mae,DLinear,3,0.1,3.548,26.05
traffic,dyna_mask,mae,DLinear,3,0.15,4.736,25.264
traffic,dyna_mask,mae,MICN,1,0.05,3.2,22.296
traffic,dyna_mask,mae,MICN,1,0.075,4.151,21.495
traffic,dyna_mask,mae,MICN,1,0.1,4.608,21.075
traffic,dyna_mask,mae,MICN,1,0.15,5.515,20.136
traffic,dyna_mask,mae,MICN,2,0.05,3.253,21.975
traffic,dyna_mask,mae,MICN,2,0.075,4.13,21.232
traffic,dyna_mask,mae,MICN,2,0.1,4.561,20.834
traffic,dyna_mask,mae,MICN,2,0.15,5.449,19.972
traffic,dyna_mask,mae,MICN,3,0.05,3.265,23.1
traffic,dyna_mask,mae,MICN,3,0.075,4.181,22.278
traffic,dyna_mask,mae,MICN,3,0.1,4.653,21.831
traffic,dyna_mask,mae,MICN,3,0.15,5.565,20.904
traffic,dyna_mask,mae,SegRNN,1,0.05,2.33,25.58
traffic,dyna_mask,mae,SegRNN,1,0.075,3.539,24.56
traffic,dyna_mask,mae,SegRNN,1,0.1,4.269,23.921
traffic,dyna_mask,mae,SegRNN,1,0.15,5.983,22.389
traffic,dyna_mask,mae,SegRNN,2,0.05,2.49,25.532
traffic,dyna_mask,mae,SegRNN,2,0.075,3.727,24.518
traffic,dyna_mask,mae,SegRNN,2,0.1,4.477,23.848
traffic,dyna_mask,mae,SegRNN,2,0.15,6.248,22.251
traffic,dyna_mask,mae,SegRNN,3,0.05,2.326,25.2
traffic,dyna_mask,mae,SegRNN,3,0.075,3.456,24.126
traffic,dyna_mask,mae,SegRNN,3,0.1,4.231,23.448
traffic,dyna_mask,mae,SegRNN,3,0.15,5.894,21.804
traffic,dyna_mask,mae,iTransformer,1,0.05,2.684,29.048
traffic,dyna_mask,mae,iTransformer,1,0.075,3.442,28.14
traffic,dyna_mask,mae,iTransformer,1,0.1,4.109,27.447
traffic,dyna_mask,mae,iTransformer,1,0.15,5.229,25.718
traffic,dyna_mask,mae,iTransformer,2,0.05,2.557,29.299
traffic,dyna_mask,mae,iTransformer,2,0.075,3.252,28.442
traffic,dyna_mask,mae,iTransformer,2,0.1,3.802,27.847
traffic,dyna_mask,mae,iTransformer,2,0.15,5.036,26.282
traffic,dyna_mask,mae,iTransformer,3,0.05,2.61,29.46
traffic,dyna_mask,mae,iTransformer,3,0.075,3.418,28.629
traffic,dyna_mask,mae,iTransformer,3,0.1,3.956,28.022
traffic,dyna_mask,mae,iTransformer,3,0.15,5.037,26.397
traffic,winIT,mae,DLinear,1,0.05,6.655,26.383
traffic,winIT,mae,DLinear,1,0.075,7.083,25.671
traffic,winIT,mae,DLinear,1,0.1,7.343,25.184
traffic,winIT,mae,DLinear,1,0.15,8.075,23.896
traffic,winIT,mae,DLinear,2,0.05,6.73,26.544
traffic,winIT,mae,DLinear,2,0.075,7.157,25.825
traffic,winIT,mae,DLinear,2,0.1,7.418,25.328
traffic,winIT,mae,DLinear,2,0.15,8.167,24.024
traffic,winIT,mae,DLinear,3,0.05,6.497,26.35
traffic,winIT,mae,DLinear,3,0.075,6.934,25.649
traffic,winIT,mae,DLinear,3,0.1,7.196,25.163
traffic,winIT,mae,DLinear,3,0.15,7.933,23.876
traffic,winIT,mae,MICN,1,0.05,5.359,21.741
traffic,winIT,mae,MICN,1,0.075,5.807,21.184
traffic,winIT,mae,MICN,1,0.1,6.084,20.82
traffic,winIT,mae,MICN,1,0.15,6.847,19.83
traffic,winIT,mae,MICN,2,0.05,5.562,21.583
traffic,winIT,mae,MICN,2,0.075,5.983,21.05
traffic,winIT,mae,MICN,2,0.1,6.231,20.682
traffic,winIT,mae,MICN,2,0.15,6.903,19.696
traffic,winIT,mae,MICN,3,0.05,5.456,22.538
traffic,winIT,mae,MICN,3,0.075,5.906,21.999
traffic,winIT,mae,MICN,3,0.1,6.184,21.628
traffic,winIT,mae,MICN,3,0.15,6.947,20.645
traffic,winIT,mae,SegRNN,1,0.05,11.62,23.714
traffic,winIT,mae,SegRNN,1,0.075,11.886,23.085
traffic,winIT,mae,SegRNN,1,0.1,12.012,22.654
traffic,winIT,mae,SegRNN,1,0.15,12.273,21.492
traffic,winIT,mae,SegRNN,2,0.05,11.409,23.171
traffic,winIT,mae,SegRNN,2,0.075,11.683,22.548
traffic,winIT,mae,SegRNN,2,0.1,11.806,22.113
traffic,winIT,mae,SegRNN,2,0.15,12.1,20.971
traffic,winIT,mae,SegRNN,3,0.05,10.991,22.872
traffic,winIT,mae,SegRNN,3,0.075,11.247,22.259
traffic,winIT,mae,SegRNN,3,0.1,11.38,21.831
traffic,winIT,mae,SegRNN,3,0.15,11.668,20.697
traffic,winIT,mae,iTransformer,1,0.05,5.082,27.485
traffic,winIT,mae,iTransformer,1,0.075,5.989,26.236
traffic,winIT,mae,iTransformer,1,0.1,6.638,25.408
traffic,winIT,mae,iTransformer,1,0.15,7.849,23.45
traffic,winIT,mae,iTransformer,2,0.05,4.833,27.627
traffic,winIT,mae,iTransformer,2,0.075,5.712,26.421
traffic,winIT,mae,iTransformer,2,0.1,6.371,25.603
traffic,winIT,mae,iTransformer,2,0.15,7.58,23.623
traffic,winIT,mae,iTransformer,3,0.05,5.189,27.389
traffic,winIT,mae,iTransformer,3,0.075,6.109,26.129
traffic,winIT,mae,iTransformer,3,0.1,6.797,25.3
traffic,winIT,mae,iTransformer,3,0.15,7.974,23.31
traffic,tsr,mae,DLinear,1,0.05,6.129,16.36
traffic,tsr,mae,DLinear,1,0.075,8.301,15.612
traffic,tsr,mae,DLinear,1,0.1,9.439,15.256
traffic,tsr,mae,DLinear,1,0.15,11.288,14.834
traffic,tsr,mae,DLinear,2,0.05,6.139,16.55
traffic,tsr,mae,DLinear,2,0.075,8.298,15.798
traffic,tsr,mae,DLinear,2,0.1,9.421,15.45
traffic,tsr,mae,DLinear,2,0.15,11.265,14.974
traffic,tsr,mae,DLinear,3,0.05,5.977,16.533
traffic,tsr,mae,DLinear,3,0.075,8.131,15.748
traffic,tsr,mae,DLinear,3,0.1,9.258,15.362
traffic,tsr,mae,DLinear,3,0.15,11.162,14.911
traffic,tsr,mae,MICN,1,0.05,5.723,12.795
traffic,tsr,mae,MICN,1,0.075,6.919,12.044
traffic,tsr,mae,MICN,1,0.1,7.519,11.647
traffic,tsr,mae,MICN,1,0.15,8.657,10.966
traffic,tsr,mae,MICN,2,0.05,5.876,12.54
traffic,tsr,mae,MICN,2,0.075,7.009,11.809
traffic,tsr,mae,MICN,2,0.1,7.578,11.453
traffic,tsr,mae,MICN,2,0.15,8.645,10.866
traffic,tsr,mae,MICN,3,0.05,4.982,12.823
traffic,tsr,mae,MICN,3,0.075,6.162,12.162
traffic,tsr,mae,MICN,3,0.1,6.733,11.844
traffic,tsr,mae,MICN,3,0.15,7.797,11.259
traffic,tsr,mae,SegRNN,1,0.05,10.442,23.15
traffic,tsr,mae,SegRNN,1,0.075,12.699,21.243
traffic,tsr,mae,SegRNN,1,0.1,14.256,19.876
traffic,tsr,mae,SegRNN,1,0.15,17.45,16.775
traffic,tsr,mae,SegRNN,2,0.05,10.807,22.635
traffic,tsr,mae,SegRNN,2,0.075,12.784,20.779
traffic,tsr,mae,SegRNN,2,0.1,14.011,19.546
traffic,tsr,mae,SegRNN,2,0.15,16.678,16.582
traffic,tsr,mae,SegRNN,3,0.05,10.25,21.47
traffic,tsr,mae,SegRNN,3,0.075,12.448,19.556
traffic,tsr,mae,SegRNN,3,0.1,13.669,18.394
traffic,tsr,mae,SegRNN,3,0.15,16.299,15.736
traffic,tsr,mae,iTransformer,1,0.05,5.892,23.88
traffic,tsr,mae,iTransformer,1,0.075,8.217,22.649
traffic,tsr,mae,iTransformer,1,0.1,9.532,21.937
traffic,tsr,mae,iTransformer,1,0.15,12.206,20.342
traffic,tsr,mae,iTransformer,2,0.05,6.146,25.103
traffic,tsr,mae,iTransformer,2,0.075,8.842,23.491
traffic,tsr,mae,iTransformer,2,0.1,10.445,22.592
traffic,tsr,mae,iTransformer,2,0.15,13.638,20.88
traffic,tsr,mae,iTransformer,3,0.05,6.823,24.378
traffic,tsr,mae,iTransformer,3,0.075,8.998,22.982
traffic,tsr,mae,iTransformer,3,0.1,10.573,22.351
traffic,tsr,mae,iTransformer,3,0.15,14.016,20.689
traffic,gatemask,mae,DLinear,1,0.05,2.283,27.172
traffic,gatemask,mae,DLinear,1,0.075,3.714,26.465
traffic,gatemask,mae,DLinear,1,0.1,4.553,26.065
traffic,gatemask,mae,DLinear,1,0.15,6.175,25.175
traffic,gatemask,mae,DLinear,2,0.05,2.351,27.251
traffic,gatemask,mae,DLinear,2,0.075,3.806,26.477
traffic,gatemask,mae,DLinear,2,0.1,4.649,26.07
traffic,gatemask,mae,DLinear,2,0.15,6.327,25.211
traffic,gatemask,mae,DLinear,3,0.05,2.302,26.964
traffic,gatemask,mae,DLinear,3,0.075,3.718,26.182
traffic,gatemask,mae,DLinear,3,0.1,4.526,25.736
traffic,gatemask,mae,DLinear,3,0.15,6.148,24.831
traffic,gatemask,mae,MICN,1,0.05,1.425,23.145
traffic,gatemask,mae,MICN,1,0.075,2.323,22.552
traffic,gatemask,mae,MICN,1,0.1,2.959,22.198
traffic,gatemask,mae,MICN,1,0.15,4.475,21.266
traffic,gatemask,mae,MICN,2,0.05,1.602,22.993
traffic,gatemask,mae,MICN,2,0.075,2.606,22.355
traffic,gatemask,mae,MICN,2,0.1,3.302,21.944
traffic,gatemask,mae,MICN,2,0.15,5.086,20.735
traffic,gatemask,mae,MICN,3,0.05,1.462,23.931
traffic,gatemask,mae,MICN,3,0.075,2.376,23.354
traffic,gatemask,mae,MICN,3,0.1,3.019,23.002
traffic,gatemask,mae,MICN,3,0.15,4.489,22.078
traffic,gatemask,mae,SegRNN,1,0.05,2.603,24.822
traffic,gatemask,mae,SegRNN,1,0.075,3.948,23.648
traffic,gatemask,mae,SegRNN,1,0.1,4.633,22.973
traffic,gatemask,mae,SegRNN,1,0.15,6.649,21.356
traffic,gatemask,mae,SegRNN,2,0.05,2.703,24.797
traffic,gatemask,mae,SegRNN,2,0.075,4.057,23.533
traffic,gatemask,mae,SegRNN,2,0.1,5.001,22.748
traffic,gatemask,mae,SegRNN,2,0.15,7.718,20.674
traffic,gatemask,mae,SegRNN,3,0.05,2.642,24.552
traffic,gatemask,mae,SegRNN,3,0.075,3.906,23.332
traffic,gatemask,mae,SegRNN,3,0.1,4.655,22.652
traffic,gatemask,mae,SegRNN,3,0.15,7.098,20.809
traffic,gatemask,mae,iTransformer,1,0.05,2.618,28.76
traffic,gatemask,mae,iTransformer,1,0.075,3.46,27.651
traffic,gatemask,mae,iTransformer,1,0.1,4.245,26.842
traffic,gatemask,mae,iTransformer,1,0.15,5.543,25.065
traffic,gatemask,mae,iTransformer,2,0.05,2.562,28.879
traffic,gatemask,mae,iTransformer,2,0.075,3.428,27.695
traffic,gatemask,mae,iTransformer,2,0.1,4.146,26.92
traffic,gatemask,mae,iTransformer,2,0.15,5.586,25.052
traffic,gatemask,mae,iTransformer,3,0.05,2.778,28.907
traffic,gatemask,mae,iTransformer,3,0.075,3.744,27.745
traffic,gatemask,mae,iTransformer,3,0.1,4.395,26.92
traffic,gatemask,mae,iTransformer,3,0.15,5.705,25.218
traffic,wtsr,mae,DLinear,1,0.05,8.887,23.841
traffic,wtsr,mae,DLinear,1,0.075,10.714,21.935
traffic,wtsr,mae,DLinear,1,0.1,11.601,20.817
traffic,wtsr,mae,DLinear,1,0.15,13.372,18.411
traffic,wtsr,mae,DLinear,2,0.05,8.882,23.939
traffic,wtsr,mae,DLinear,2,0.075,10.757,22.034
traffic,wtsr,mae,DLinear,2,0.1,11.698,20.892
traffic,wtsr,mae,DLinear,2,0.15,13.578,18.435
traffic,wtsr,mae,DLinear,3,0.05,8.767,23.773
traffic,wtsr,mae,DLinear,3,0.075,10.678,21.857
traffic,wtsr,mae,DLinear,3,0.1,11.568,20.733
traffic,wtsr,mae,DLinear,3,0.15,13.348,18.331
traffic,wtsr,mae,MICN,1,0.05,8.388,18.172
traffic,wtsr,mae,MICN,1,0.075,10.149,16.051
traffic,wtsr,mae,MICN,1,0.1,11.064,14.934
traffic,wtsr,mae,MICN,1,0.15,12.967,12.724
traffic,wtsr,mae,MICN,2,0.05,8.54,17.829
traffic,wtsr,mae,MICN,2,0.075,10.28,15.729
traffic,wtsr,mae,MICN,2,0.1,11.191,14.618
traffic,wtsr,mae,MICN,2,0.15,13.062,12.424
traffic,wtsr,mae,MICN,3,0.05,8.601,18.717
traffic,wtsr,mae,MICN,3,0.075,10.516,16.5
traffic,wtsr,mae,MICN,3,0.1,11.505,15.334
traffic,wtsr,mae,MICN,3,0.15,13.475,13.04
traffic,wtsr,mae,SegRNN,1,0.05,13.733,19.556
traffic,wtsr,mae,SegRNN,1,0.075,14.639,17.195
traffic,wtsr,mae,SegRNN,1,0.1,15.043,15.876
traffic,wtsr,mae,SegRNN,1,0.15,15.894,13.16
traffic,wtsr,mae,SegRNN,2,0.05,12.843,19.658
traffic,wtsr,mae,SegRNN,2,0.075,13.858,17.356
traffic,wtsr,mae,SegRNN,2,0.1,14.341,16.053
traffic,wtsr,mae,SegRNN,2,0.15,15.32,13.384
traffic,wtsr,mae,SegRNN,3,0.05,12.765,19.42
traffic,wtsr,mae,SegRNN,3,0.075,13.728,17.083
traffic,wtsr,mae,SegRNN,3,0.1,14.222,15.749
traffic,wtsr,mae,SegRNN,3,0.15,15.25,13.037
traffic,wtsr,mae,iTransformer,1,0.05,9.006,24.832
traffic,wtsr,mae,iTransformer,1,0.075,10.294,22.282
traffic,wtsr,mae,iTransformer,1,0.1,11.012,20.789
traffic,wtsr,mae,iTransformer,1,0.15,12.407,17.633
traffic,wtsr,mae,iTransformer,2,0.05,9.0,24.704
traffic,wtsr,mae,iTransformer,2,0.075,10.335,22.175
traffic,wtsr,mae,iTransformer,2,0.1,11.101,20.695
traffic,wtsr,mae,iTransformer,2,0.15,12.551,17.579
traffic,wtsr,mae,iTransformer,3,0.05,9.118,24.542
traffic,wtsr,mae,iTransformer,3,0.075,10.422,22.094
traffic,wtsr,mae,iTransformer,3,0.1,11.184,20.647
traffic,wtsr,mae,iTransformer,3,0.15,12.577,17.611
mimic_iii,feature_ablation,auc,DLinear,1,0.05,0.403,0.438
mimic_iii,feature_ablation,auc,DLinear,1,0.075,0.357,0.441
mimic_iii,feature_ablation,auc,DLinear,1,0.1,0.322,0.442
mimic_iii,feature_ablation,auc,DLinear,1,0.15,0.272,0.443
mimic_iii,feature_ablation,auc,DLinear,2,0.05,0.351,0.45
mimic_iii,feature_ablation,auc,DLinear,2,0.075,0.315,0.454
mimic_iii,feature_ablation,auc,DLinear,2,0.1,0.293,0.455
mimic_iii,feature_ablation,auc,DLinear,2,0.15,0.255,0.456
mimic_iii,feature_ablation,auc,DLinear,3,0.05,0.596,0.634
mimic_iii,feature_ablation,auc,DLinear,3,0.075,0.568,0.643
mimic_iii,feature_ablation,auc,DLinear,3,0.1,0.521,0.647
mimic_iii,feature_ablation,auc,DLinear,3,0.15,0.471,0.649
mimic_iii,feature_ablation,auc,MICN,1,0.05,0.364,0.338
mimic_iii,feature_ablation,auc,MICN,1,0.075,0.362,0.345
mimic_iii,feature_ablation,auc,MICN,1,0.1,0.362,0.355
mimic_iii,feature_ablation,auc,MICN,1,0.15,0.349,0.364
mimic_iii,feature_ablation,auc,MICN,2,0.05,0.513,0.543
mimic_iii,feature_ablation,auc,MICN,2,0.075,0.505,0.559
mimic_iii,feature_ablation,auc,MICN,2,0.1,0.501,0.566
mimic_iii,feature_ablation,auc,MICN,2,0.15,0.46,0.575
mimic_iii,feature_ablation,auc,MICN,3,0.05,0.664,0.696
mimic_iii,feature_ablation,auc,MICN,3,0.075,0.649,0.703
mimic_iii,feature_ablation,auc,MICN,3,0.1,0.644,0.704
mimic_iii,feature_ablation,auc,MICN,3,0.15,0.616,0.707
mimic_iii,feature_ablation,auc,SegRNN,1,0.05,0.471,0.723
mimic_iii,feature_ablation,auc,SegRNN,1,0.075,0.454,0.727
mimic_iii,feature_ablation,auc,SegRNN,1,0.1,0.44,0.733
mimic_iii,feature_ablation,auc,SegRNN,1,0.15,0.432,0.738
mimic_iii,feature_ablation,auc,SegRNN,2,0.05,0.419,0.565
mimic_iii,feature_ablation,auc,SegRNN,2,0.075,0.412,0.57
mimic_iii,feature_ablation,auc,SegRNN,2,0.1,0.409,0.573
mimic_iii,feature_ablation,auc,SegRNN,2,0.15,0.398,0.577
mimic_iii,feature_ablation,auc,SegRNN,3,0.05,0.645,0.796
mimic_iii,feature_ablation,auc,SegRNN,3,0.075,0.619,0.809
mimic_iii,feature_ablation,auc,SegRNN,3,0.1,0.603,0.812
mimic_iii,feature_ablation,auc,SegRNN,3,0.15,0.578,0.82
mimic_iii,feature_ablation,auc,iTransformer,1,0.05,0.514,0.439
mimic_iii,feature_ablation,auc,iTransformer,1,0.075,0.511,0.458
mimic_iii,feature_ablation,auc,iTransformer,1,0.1,0.507,0.468
mimic_iii,feature_ablation,auc,iTransformer,1,0.15,0.49,0.49
mimic_iii,feature_ablation,auc,iTransformer,2,0.05,0.647,0.559
mimic_iii,feature_ablation,auc,iTransformer,2,0.075,0.64,0.587
mimic_iii,feature_ablation,auc,iTransformer,2,0.1,0.629,0.605
mimic_iii,feature_ablation,auc,iTransformer,2,0.15,0.605,0.628
mimic_iii,feature_ablation,auc,iTransformer,3,0.05,0.508,0.451
mimic_iii,feature_ablation,auc,iTransformer,3,0.075,0.501,0.476
mimic_iii,feature_ablation,auc,iTransformer,3,0.1,0.496,0.49
mimic_iii,feature_ablation,auc,iTransformer,3,0.15,0.479,0.506
mimic_iii,augmented_occlusion,auc,DLinear,1,0.05,0.427,0.468
mimic_iii,augmented_occlusion,auc,DLinear,1,0.075,0.414,0.469
mimic_iii,augmented_occlusion,auc,DLinear,1,0.1,0.394,0.47
mimic_iii,augmented_occlusion,auc,DLinear,1,0.15,0.367,0.471
mimic_iii,augmented_occlusion,auc,DLinear,2,0.05,0.387,0.449
mimic_iii,augmented_occlusion,auc,DLinear,2,0.075,0.349,0.451
mimic_iii,augmented_occlusion,auc,DLinear,2,0.1,0.336,0.452
mimic_iii,augmented_occlusion,auc,DLinear,2,0.15,0.319,0.455
mimic_iii,augmented_occlusion,auc,DLinear,3,0.05,0.688,0.722
mimic_iii,augmented_occlusion,auc,DLinear,3,0.075,0.666,0.728
mimic_iii,augmented_occlusion,auc,DLinear,3,0.1,0.653,0.73
mimic_iii,augmented_occlusion,auc,DLinear,3,0.15,0.602,0.734
mimic_iii,augmented_occlusion,auc,MICN,1,0.05,0.404,0.379
mimic_iii,augmented_occlusion,auc,MICN,1,0.075,0.401,0.383
mimic_iii,augmented_occlusion,auc,MICN,1,0.1,0.4,0.395
mimic_iii,augmented_occlusion,auc,MICN,1,0.15,0.395,0.402
mimic_iii,augmented_occlusion,auc,MICN,2,0.05,0.515,0.516
mimic_iii,augmented_occlusion,auc,MICN,2,0.075,0.493,0.524
mimic_iii,augmented_occlusion,auc,MICN,2,0.1,0.477,0.532
mimic_iii,augmented_occlusion,auc,MICN,2,0.15,0.463,0.543
mimic_iii,augmented_occlusion,auc,MICN,3,0.05,0.758,0.786
mimic_iii,augmented_occlusion,auc,MICN,3,0.075,0.737,0.792
mimic_iii,augmented_occlusion,auc,MICN,3,0.1,0.727,0.795
mimic_iii,augmented_occlusion,auc,MICN,3,0.15,0.714,0.798
mimic_iii,augmented_occlusion,auc,SegRNN,1,0.05,0.545,0.741
mimic_iii,augmented_occlusion,auc,SegRNN,1,0.075,0.517,0.749
mimic_iii,augmented_occlusion,auc,SegRNN,1,0.1,0.498,0.755
mimic_iii,augmented_occlusion,auc,SegRNN,1,0.15,0.474,0.768
mimic_iii,augmented_occlusion,auc,SegRNN,2,0.05,0.461,0.595
mimic_iii,augmented_occlusion,auc,SegRNN,2,0.075,0.451,0.599
mimic_iii,augmented_occlusion,auc,SegRNN,2,0.1,0.444,0.601
mimic_iii,augmented_occlusion,auc,SegRNN,2,0.15,0.436,0.605
mimic_iii,augmented_occlusion,auc,SegRNN,3,0.05,0.728,0.821
mimic_iii,augmented_occlusion,auc,SegRNN,3,0.075,0.706,0.84
mimic_iii,augmented_occlusion,auc,SegRNN,3,0.1,0.7,0.848
mimic_iii,augmented_occlusion,auc,SegRNN,3,0.15,0.675,0.861
mimic_iii,augmented_occlusion,auc,iTransformer,1,0.05,0.543,0.457
mimic_iii,augmented_occlusion,auc,iTransformer,1,0.075,0.537,0.479
mimic_iii,augmented_occlusion,auc,iTransformer,1,0.1,0.539,0.495
mimic_iii,augmented_occlusion,auc,iTransformer,1,0.15,0.53,0.519
mimic_iii,augmented_occlusion,auc,iTransformer,2,0.05,0.686,0.537
mimic_iii,augmented_occlusion,auc,iTransformer,2,0.075,0.678,0.572
mimic_iii,augmented_occlusion,auc,iTransformer,2,0.1,0.674,0.604
mimic_iii,augmented_occlusion,auc,iTransformer,2,0.15,0.667,0.644
mimic_iii,augmented_occlusion,auc,iTransformer,3,0.05,0.531,0.444
mimic_iii,augmented_occlusion,auc,iTransformer,3,0.075,0.524,0.473
mimic_iii,augmented_occlusion,auc,iTransformer,3,0.1,0.516,0.488
mimic_iii,augmented_occlusion,auc,iTransformer,3,0.15,0.509,0.509
mimic_iii,feature_permutation,auc,DLinear,1,0.05,0.388,0.273
mimic_iii,feature_permutation,auc,DLinear,1,0.075,0.361,0.274
mimic_iii,feature_permutation,auc,DLinear,1,0.1,0.337,0.275
mimic_iii,feature_permutation,auc,DLinear,1,0.15,0.312,0.272
mimic_iii,feature_permutation,auc,DLinear,2,0.05,0.378,0.295
mimic_iii,feature_permutation,auc,DLinear,2,0.075,0.35,0.29
mimic_iii,feature_permutation,auc,DLinear,2,0.1,0.33,0.286
mimic_iii,feature_permutation,auc,DLinear,2,0.15,0.31,0.28
mimic_iii,feature_permutation,auc,DLinear,3,0.05,0.718,0.511
mimic_iii,feature_permutation,auc,DLinear,3,0.075,0.674,0.506
mimic_iii,feature_permutation,auc,DLinear,3,0.1,0.634,0.504
mimic_iii,feature_permutation,auc,DLinear,3,0.15,0.59,0.503
mimic_iii,feature_permutation,auc,MICN,1,0.05,0.415,0.323
mimic_iii,feature_permutation,auc,MICN,1,0.075,0.412,0.335
mimic_iii,feature_permutation,auc,MICN,1,0.1,0.41,0.336
mimic_iii,feature_permutation,auc,MICN,1,0.15,0.404,0.345
mimic_iii,feature_permutation,auc,MICN,2,0.05,0.542,0.461
mimic_iii,feature_permutation,auc,MICN,2,0.075,0.523,0.464
mimic_iii,feature_permutation,auc,MICN,2,0.1,0.514,0.462
mimic_iii,feature_permutation,auc,MICN,2,0.15,0.502,0.462
mimic_iii,feature_permutation,auc,MICN,3,0.05,0.715,0.596
mimic_iii,feature_permutation,auc,MICN,3,0.075,0.693,0.592
mimic_iii,feature_permutation,auc,MICN,3,0.1,0.676,0.595
mimic_iii,feature_permutation,auc,MICN,3,0.15,0.655,0.597
mimic_iii,feature_permutation,auc,SegRNN,1,0.05,0.636,0.541
mimic_iii,feature_permutation,auc,SegRNN,1,0.075,0.623,0.544
mimic_iii,feature_permutation,auc,SegRNN,1,0.1,0.61,0.54
mimic_iii,feature_permutation,auc,SegRNN,1,0.15,0.603,0.541
mimic_iii,feature_permutation,auc,SegRNN,2,0.05,0.65,0.544
mimic_iii,feature_permutation,auc,SegRNN,2,0.075,0.647,0.557
mimic_iii,feature_permutation,auc,SegRNN,2,0.1,0.641,0.564
mimic_iii,feature_permutation,auc,SegRNN,2,0.15,0.629,0.577
mimic_iii,feature_permutation,auc,SegRNN,3,0.05,0.813,0.697
mimic_iii,feature_permutation,auc,SegRNN,3,0.075,0.805,0.713
mimic_iii,feature_permutation,auc,SegRNN,3,0.1,0.799,0.712
mimic_iii,feature_permutation,auc,SegRNN,3,0.15,0.791,0.72
mimic_iii,feature_permutation,auc,iTransformer,1,0.05,0.489,0.328
mimic_iii,feature_permutation,auc,iTransformer,1,0.075,0.486,0.348
mimic_iii,feature_permutation,auc,iTransformer,1,0.1,0.484,0.372
mimic_iii,feature_permutation,auc,iTransformer,1,0.15,0.482,0.397
mimic_iii,feature_permutation,auc,iTransformer,2,0.05,0.696,0.449
mimic_iii,feature_permutation,auc,iTransformer,2,0.075,0.692,0.48
mimic_iii,feature_permutation,auc,iTransformer,2,0.1,0.684,0.495
mimic_iii,feature_permutation,auc,iTransformer,2,0.15,0.673,0.513
mimic_iii,feature_permutation,auc,iTransformer,3,0.05,0.562,0.431
mimic_iii,feature_permutation,auc,iTransformer,3,0.075,0.561,0.446
mimic_iii,feature_permutation,auc,iTransformer,3,0.1,0.557,0.456
mimic_iii,feature_permutation,auc,iTransformer,3,0.15,0.55,0.475
mimic_iii,integrated_gradients,auc,DLinear,1,0.05,0.429,0.307
mimic_iii,integrated_gradients,auc,DLinear,1,0.075,0.409,0.304
mimic_iii,integrated_gradients,auc,DLinear,1,0.1,0.395,0.305
mimic_iii,integrated_gradients,auc,DLinear,1,0.15,0.372,0.304
mimic_iii,integrated_gradients,auc,DLinear,2,0.05,0.404,0.297
mimic_iii,integrated_gradients,auc,DLinear,2,0.075,0.377,0.298
mimic_iii,integrated_gradients,auc,DLinear,2,0.1,0.357,0.298
mimic_iii,integrated_gradients,auc,DLinear,2,0.15,0.333,0.297
mimic_iii,integrated_gradients,auc,DLinear,3,0.05,0.746,0.559
mimic_iii,integrated_gradients,auc,DLinear,3,0.075,0.728,0.556
mimic_iii,integrated_gradients,auc,DLinear,3,0.1,0.71,0.555
mimic_iii,integrated_gradients,auc,DLinear,3,0.15,0.677,0.551
mimic_iii,integrated_gradients,auc,MICN,1,0.05,0.388,0.293
mimic_iii,integrated_gradients,auc,MICN,1,0.075,0.381,0.303
mimic_iii,integrated_gradients,auc,MICN,1,0.1,0.371,0.31
mimic_iii,integrated_gradients,auc,MICN,1,0.15,0.361,0.318
mimic_iii,integrated_gradients,auc,MICN,2,0.05,0.488,0.425
mimic_iii,integrated_gradients,auc,MICN,2,0.075,0.463,0.43
mimic_iii,integrated_gradients,auc,MICN,2,0.1,0.454,0.426
mimic_iii,integrated_gradients,auc,MICN,2,0.15,0.431,0.426
mimic_iii,integrated_gradients,auc,MICN,3,0.05,0.75,0.658
mimic_iii,integrated_gradients,auc,MICN,3,0.075,0.73,0.66
mimic_iii,integrated_gradients,auc,MICN,3,0.1,0.708,0.655
mimic_iii,integrated_gradients,auc,MICN,3,0.15,0.676,0.652
mimic_iii,integrated_gradients,auc,SegRNN,1,0.05,0.725,0.518
mimic_iii,integrated_gradients,auc,SegRNN,1,0.075,0.714,0.547
mimic_iii,integrated_gradients,auc,SegRNN,1,0.1,0.704,0.571
mimic_iii,integrated_gradients,auc,SegRNN,1,0.15,0.696,0.607
mimic_iii,integrated_gradients,auc,SegRNN,2,0.05,0.596,0.427
mimic_iii,integrated_gradients,auc,SegRNN,2,0.075,0.593,0.442
mimic_iii,integrated_gradients,auc,SegRNN,2,0.1,0.588,0.452
mimic_iii,integrated_gradients,auc,SegRNN,2,0.15,0.584,0.486
mimic_iii,integrated_gradients,auc,SegRNN,3,0.05,0.882,0.491
mimic_iii,integrated_gradients,auc,SegRNN,3,0.075,0.878,0.521
mimic_iii,integrated_gradients,auc,SegRNN,3,0.1,0.873,0.548
mimic_iii,integrated_gradients,auc,SegRNN,3,0.15,0.863,0.605
mimic_iii,integrated_gradients,auc,iTransformer,1,0.05,0.497,0.386
mimic_iii,integrated_gradients,auc,iTransformer,1,0.075,0.495,0.406
mimic_iii,integrated_gradients,auc,iTransformer,1,0.1,0.491,0.429
mimic_iii,integrated_gradients,auc,iTransformer,1,0.15,0.484,0.441
mimic_iii,integrated_gradients,auc,iTransformer,2,0.05,0.777,0.612
mimic_iii,integrated_gradients,auc,iTransformer,2,0.075,0.765,0.628
mimic_iii,integrated_gradients,auc,iTransformer,2,0.1,0.749,0.633
mimic_iii,integrated_gradients,auc,iTransformer,2,0.15,0.728,0.637
mimic_iii,integrated_gradients,auc,iTransformer,3,0.05,0.512,0.431
mimic_iii,integrated_gradients,auc,iTransformer,3,0.075,0.5,0.443
mimic_iii,integrated_gradients,auc,iTransformer,3,0.1,0.492,0.441
mimic_iii,integrated_gradients,auc,iTransformer,3,0.15,0.476,0.45
mimic_iii,gradient_shap,auc,DLinear,1,0.05,0.379,0.28
mimic_iii,gradient_shap,auc,DLinear,1,0.075,0.35,0.275
mimic_iii,gradient_shap,auc,DLinear,1,0.1,0.333,0.274
mimic_iii,gradient_shap,auc,DLinear,1,0.15,0.312,0.273
mimic_iii,gradient_shap,auc,DLinear,2,0.05,0.421,0.314
mimic_iii,gradient_shap,auc,DLinear,2,0.075,0.385,0.314
mimic_iii,gradient_shap,auc,DLinear,2,0.1,0.37,0.314
mimic_iii,gradient_shap,auc,DLinear,2,0.15,0.345,0.314
mimic_iii,gradient_shap,auc,DLinear,3,0.05,0.708,0.506
mimic_iii,gradient_shap,auc,DLinear,3,0.075,0.662,0.502
mimic_iii,gradient_shap,auc,DLinear,3,0.1,0.624,0.502
mimic_iii,gradient_shap,auc,DLinear,3,0.15,0.569,0.501
mimic_iii,gradient_shap,auc,MICN,1,0.05,0.401,0.3
mimic_iii,gradient_shap,auc,MICN,1,0.075,0.392,0.311
mimic_iii,gradient_shap,auc,MICN,1,0.1,0.39,0.317
mimic_iii,gradient_shap,auc,MICN,1,0.15,0.379,0.33
mimic_iii,gradient_shap,auc,MICN,2,0.05,0.504,0.411
mimic_iii,gradient_shap,auc,MICN,2,0.075,0.484,0.407
mimic_iii,gradient_shap,auc,MICN,2,0.1,0.465,0.41
mimic_iii,gradient_shap,auc,MICN,2,0.15,0.456,0.418
mimic_iii,gradient_shap,auc,MICN,3,0.05,0.71,0.565
mimic_iii,gradient_shap,auc,MICN,3,0.075,0.686,0.565
mimic_iii,gradient_shap,auc,MICN,3,0.1,0.664,0.568
mimic_iii,gradient_shap,auc,MICN,3,0.15,0.635,0.575
mimic_iii,gradient_shap,auc,SegRNN,1,0.05,0.762,0.532
mimic_iii,gradient_shap,auc,SegRNN,1,0.075,0.753,0.547
mimic_iii,gradient_shap,auc,SegRNN,1,0.1,0.745,0.57
mimic_iii,gradient_shap,auc,SegRNN,1,0.15,0.732,0.599
mimic_iii,gradient_shap,auc,SegRNN,2,0.05,0.67,0.469
mimic_iii,gradient_shap,auc,SegRNN,2,0.075,0.667,0.501
mimic_iii,gradient_shap,auc,SegRNN,2,0.1,0.665,0.514
mimic_iii,gradient_shap,auc,SegRNN,2,0.15,0.656,0.552
mimic_iii,gradient_shap,auc,SegRNN,3,0.05,0.869,0.525
mimic_iii,gradient_shap,auc,SegRNN,3,0.075,0.867,0.557
mimic_iii,gradient_shap,auc,SegRNN,3,0.1,0.865,0.581
mimic_iii,gradient_shap,auc,SegRNN,3,0.15,0.857,0.614
mimic_iii,gradient_shap,auc,iTransformer,1,0.05,0.52,0.368
mimic_iii,gradient_shap,auc,iTransformer,1,0.075,0.517,0.38
mimic_iii,gradient_shap,auc,iTransformer,1,0.1,0.513,0.39
mimic_iii,gradient_shap,auc,iTransformer,1,0.15,0.503,0.404
mimic_iii,gradient_shap,auc,iTransformer,2,0.05,0.719,0.506
mimic_iii,gradient_shap,auc,iTransformer,2,0.075,0.698,0.51
mimic_iii,gradient_shap,auc,iTransformer,2,0.1,0.682,0.526
mimic_iii,gradient_shap,auc,iTransformer,2,0.15,0.643,0.529
mimic_iii,gradient_shap,auc,iTransformer,3,0.05,0.592,0.421
mimic_iii,gradient_shap,auc,iTransformer,3,0.075,0.578,0.441
mimic_iii,gradient_shap,auc,iTransformer,3,0.1,0.567,0.453
mimic_iii,gradient_shap,auc,iTransformer,3,0.15,0.546,0.463
mimic_iii,dyna_mask,auc,DLinear,1,0.05,0.422,0.315
mimic_iii,dyna_mask,auc,DLinear,1,0.075,0.418,0.337
mimic_iii,dyna_mask,auc,DLinear,1,0.1,0.415,0.35
mimic_iii,dyna_mask,auc,DLinear,1,0.15,0.41,0.367
mimic_iii,dyna_mask,auc,DLinear,2,0.05,0.462,0.379
mimic_iii,dyna_mask,auc,DLinear,2,0.075,0.455,0.401
mimic_iii,dyna_mask,auc,DLinear,2,0.1,0.449,0.414
mimic_iii,dyna_mask,auc,DLinear,2,0.15,0.435,0.426
mimic_iii,dyna_mask,auc,DLinear,3,0.05,0.698,0.543
mimic_iii,dyna_mask,auc,DLinear,3,0.075,0.695,0.571
mimic_iii,dyna_mask,auc,DLinear,3,0.1,0.691,0.598
mimic_iii,dyna_mask,auc,DLinear,3,0.15,0.681,0.635
mimic_iii,dyna_mask,auc,MICN,1,0.05,0.387,0.262
mimic_iii,dyna_mask,auc,MICN,1,0.075,0.386,0.287
mimic_iii,dyna_mask,auc,MICN,1,0.1,0.386,0.299
mimic_iii,dyna_mask,auc,MICN,1,0.15,0.382,0.32
mimic_iii,dyna_mask,auc,MICN,2,0.05,0.566,0.355
mimic_iii,dyna_mask,auc,MICN,2,0.075,0.561,0.383
mimic_iii,dyna_mask,auc,MICN,2,0.1,0.556,0.401
mimic_iii,dyna_mask,auc,MICN,2,0.15,0.546,0.437
mimic_iii,dyna_mask,auc,MICN,3,0.05,0.767,0.573
mimic_iii,dyna_mask,auc,MICN,3,0.075,0.762,0.633
mimic_iii,dyna_mask,auc,MICN,3,0.1,0.756,0.662
mimic_iii,dyna_mask,auc,MICN,3,0.15,0.75,0.696
mimic_iii,dyna_mask,auc,SegRNN,1,0.05,0.744,0.463
mimic_iii,dyna_mask,auc,SegRNN,1,0.075,0.74,0.496
mimic_iii,dyna_mask,auc,SegRNN,1,0.1,0.731,0.527
mimic_iii,dyna_mask,auc,SegRNN,1,0.15,0.724,0.563
mimic_iii,dyna_mask,auc,SegRNN,2,0.05,0.622,0.354
mimic_iii,dyna_mask,auc,SegRNN,2,0.075,0.618,0.376
mimic_iii,dyna_mask,auc,SegRNN,2,0.1,0.614,0.399
mimic_iii,dyna_mask,auc,SegRNN,2,0.15,0.609,0.428
mimic_iii,dyna_mask,auc,SegRNN,3,0.05,0.829,0.447
mimic_iii,dyna_mask,auc,SegRNN,3,0.075,0.826,0.466
mimic_iii,dyna_mask,auc,SegRNN,3,0.1,0.818,0.5
mimic_iii,dyna_mask,auc,SegRNN,3,0.15,0.817,0.542
mimic_iii,dyna_mask,auc,iTransformer,1,0.05,0.52,0.372
mimic_iii,dyna_mask,auc,iTransformer,1,0.075,0.518,0.387
mimic_iii,dyna_mask,auc,iTransformer,1,0.1,0.516,0.406
mimic_iii,dyna_mask,auc,iTransformer,1,0.15,0.507,0.425
mimic_iii,dyna_mask,auc,iTransformer,2,0.05,0.728,0.524
mimic_iii,dyna_mask,auc,iTransformer,2,0.075,0.721,0.553
mimic_iii,dyna_mask,auc,iTransformer,2,0.1,0.713,0.568
mimic_iii,dyna_mask,auc,iTransformer,2,0.15,0.699,0.608
mimic_iii,dyna_mask,auc,iTransformer,3,0.05,0.565,0.393
mimic_iii,dyna_mask,auc,iTransformer,3,0.075,0.563,0.424
mimic_iii,dyna_mask,auc,iTransformer,3,0.1,0.56,0.442
mimic_iii,dyna_mask,auc,iTransformer,3,0.15,0.55,0.474
mimic_iii,winIT,auc,DLinear,1,0.05,0.419,0.382
mimic_iii,winIT,auc,DLinear,1,0.075,0.41,0.4
mimic_iii,winIT,auc,DLinear,1,0.1,0.401,0.41
mimic_iii,winIT,auc,DLinear,1,0.15,0.381,0.417
mimic_iii,winIT,auc,DLinear,2,0.05,0.43,0.303
mimic_iii,winIT,auc,DLinear,2,0.075,0.428,0.327
mimic_iii,winIT,auc,DLinear,2,0.1,0.429,0.356
mimic_iii,winIT,auc,DLinear,2,0.15,0.419,0.389
mimic_iii,winIT,auc,DLinear,3,0.05,0.694,0.625
mimic_iii,winIT,auc,DLinear,3,0.075,0.686,0.657
mimic_iii,winIT,auc,DLinear,3,0.1,0.68,0.673
mimic_iii,winIT,auc,DLinear,3,0.15,0.66,0.689
mimic_iii,winIT,auc,MICN,1,0.05,0.41,0.362
mimic_iii,winIT,auc,MICN,1,0.075,0.405,0.377
mimic_iii,winIT,auc,MICN,1,0.1,0.4,0.383
mimic_iii,winIT,auc,MICN,1,0.15,0.393,0.394
mimic_iii,winIT,auc,MICN,2,0.05,0.522,0.455
mimic_iii,winIT,auc,MICN,2,0.075,0.505,0.482
mimic_iii,winIT,auc,MICN,2,0.1,0.475,0.495
mimic_iii,winIT,auc,MICN,2,0.15,0.432,0.509
mimic_iii,winIT,auc,MICN,3,0.05,0.801,0.806
mimic_iii,winIT,auc,MICN,3,0.075,0.774,0.821
mimic_iii,winIT,auc,MICN,3,0.1,0.764,0.832
mimic_iii,winIT,auc,MICN,3,0.15,0.735,0.836
mimic_iii,winIT,auc,SegRNN,1,0.05,0.548,0.674
mimic_iii,winIT,auc,SegRNN,1,0.075,0.526,0.684
mimic_iii,winIT,auc,SegRNN,1,0.1,0.516,0.689
mimic_iii,winIT,auc,SegRNN,1,0.15,0.509,0.696
mimic_iii,winIT,auc,SegRNN,2,0.05,0.416,0.531
mimic_iii,winIT,auc,SegRNN,2,0.075,0.399,0.54
mimic_iii,winIT,auc,SegRNN,2,0.1,0.386,0.546
mimic_iii,winIT,auc,SegRNN,2,0.15,0.363,0.553
mimic_iii,winIT,auc,SegRNN,3,0.05,0.734,0.839
mimic_iii,winIT,auc,SegRNN,3,0.075,0.723,0.851
mimic_iii,winIT,auc,SegRNN,3,0.1,0.701,0.857
mimic_iii,winIT,auc,SegRNN,3,0.15,0.674,0.874
mimic_iii,winIT,auc,iTransformer,1,0.05,0.537,0.388
mimic_iii,winIT,auc,iTransformer,1,0.075,0.535,0.408
mimic_iii,winIT,auc,iTransformer,1,0.1,0.534,0.423
mimic_iii,winIT,auc,iTransformer,1,0.15,0.533,0.451
mimic_iii,winIT,auc,iTransformer,2,0.05,0.703,0.532
mimic_iii,winIT,auc,iTransformer,2,0.075,0.7,0.559
mimic_iii,winIT,auc,iTransformer,2,0.1,0.696,0.578
mimic_iii,winIT,auc,iTransformer,2,0.15,0.684,0.61
mimic_iii,winIT,auc,iTransformer,3,0.05,0.579,0.439
mimic_iii,winIT,auc,iTransformer,3,0.075,0.577,0.459
mimic_iii,winIT,auc,iTransformer,3,0.1,0.575,0.484
mimic_iii,winIT,auc,iTransformer,3,0.15,0.574,0.503
mimic_iii,tsr,auc,DLinear,1,0.05,0.23,0.122
mimic_iii,tsr,auc,DLinear,1,0.075,0.228,0.119
mimic_iii,tsr,auc,DLinear,1,0.1,0.227,0.121
mimic_iii,tsr,auc,DLinear,1,0.15,0.228,0.123
mimic_iii,tsr,auc,DLinear,2,0.05,0.278,0.134
mimic_iii,tsr,auc,DLinear,2,0.075,0.273,0.144
mimic_iii,tsr,auc,DLinear,2,0.1,0.27,0.139
mimic_iii,tsr,auc,DLinear,2,0.15,0.272,0.132
mimic_iii,tsr,auc,DLinear,3,0.05,0.106,0.053
mimic_iii,tsr,auc,DLinear,3,0.075,0.105,0.055
mimic_iii,tsr,auc,DLinear,3,0.1,0.104,0.056
mimic_iii,tsr,auc,DLinear,3,0.15,0.103,0.053
mimic_iii,tsr,auc,MICN,1,0.05,0.078,0.039
mimic_iii,tsr,auc,MICN,1,0.075,0.076,0.041
mimic_iii,tsr,auc,MICN,1,0.1,0.075,0.036
mimic_iii,tsr,auc,MICN,1,0.15,0.074,0.039
mimic_iii,tsr,auc,MICN,2,0.05,0.085,0.046
mimic_iii,tsr,auc,MICN,2,0.075,0.086,0.043
mimic_iii,tsr,auc,MICN,2,0.1,0.084,0.045
mimic_iii,tsr,auc,MICN,2,0.15,0.085,0.042
mimic_iii,tsr,auc,MICN,3,0.05,0.146,0.072
mimic_iii,tsr,auc,MICN,3,0.075,0.146,0.072
mimic_iii,tsr,auc,MICN,3,0.1,0.144,0.074
mimic_iii,tsr,auc,MICN,3,0.15,0.142,0.077
mimic_iii,tsr,auc,SegRNN,1,0.05,0.234,0.15
mimic_iii,tsr,auc,SegRNN,1,0.075,0.233,0.146
mimic_iii,tsr,auc,SegRNN,1,0.1,0.227,0.155
mimic_iii,tsr,auc,SegRNN,1,0.15,0.227,0.154
mimic_iii,tsr,auc,SegRNN,2,0.05,0.199,0.116
mimic_iii,tsr,auc,SegRNN,2,0.075,0.195,0.117
mimic_iii,tsr,auc,SegRNN,2,0.1,0.191,0.123
mimic_iii,tsr,auc,SegRNN,2,0.15,0.191,0.123
mimic_iii,tsr,auc,SegRNN,3,0.05,0.194,0.117
mimic_iii,tsr,auc,SegRNN,3,0.075,0.193,0.111
mimic_iii,tsr,auc,SegRNN,3,0.1,0.195,0.112
mimic_iii,tsr,auc,SegRNN,3,0.15,0.191,0.111
mimic_iii,tsr,auc,iTransformer,1,0.05,0.178,0.098
mimic_iii,tsr,auc,iTransformer,1,0.075,0.176,0.106
mimic_iii,tsr,auc,iTransformer,1,0.1,0.175,0.107
mimic_iii,tsr,auc,iTransformer,1,0.15,0.172,0.111
mimic_iii,tsr,auc,iTransformer,2,0.05,0.268,0.122
mimic_iii,tsr,auc,iTransformer,2,0.075,0.26,0.124
mimic_iii,tsr,auc,iTransformer,2,0.1,0.254,0.129
mimic_iii,tsr,auc,iTransformer,2,0.15,0.248,0.12
mimic_iii,tsr,auc,iTransformer,3,0.05,0.083,0.049
mimic_iii,tsr,auc,iTransformer,3,0.075,0.083,0.049
mimic_iii,tsr,auc,iTransformer,3,0.1,0.082,0.041
mimic_iii,tsr,auc,iTransformer,3,0.15,0.08,0.051
mimic_iii,gatemask,auc,DLinear,1,0.05,0.385,0.385
mimic_iii,gatemask,auc,DLinear,1,0.075,0.337,0.392
mimic_iii,gatemask,auc,DLinear,1,0.1,0.299,0.393
mimic_iii,gatemask,auc,DLinear,1,0.15,0.265,0.394
mimic_iii,gatemask,auc,DLinear,2,0.05,0.43,0.444
mimic_iii,gatemask,auc,DLinear,2,0.075,0.355,0.453
mimic_iii,gatemask,auc,DLinear,2,0.1,0.312,0.456
mimic_iii,gatemask,auc,DLinear,2,0.15,0.286,0.458
mimic_iii,gatemask,auc,DLinear,3,0.05,0.687,0.681
mimic_iii,gatemask,auc,DLinear,3,0.075,0.621,0.702
mimic_iii,gatemask,auc,DLinear,3,0.1,0.528,0.71
mimic_iii,gatemask,auc,DLinear,3,0.15,0.443,0.713
mimic_iii,gatemask,auc,MICN,1,0.05,0.424,0.369
mimic_iii,gatemask,auc,MICN,1,0.075,0.415,0.392
mimic_iii,gatemask,auc,MICN,1,0.1,0.404,0.404
mimic_iii,gatemask,auc,MICN,1,0.15,0.38,0.403
mimic_iii,gatemask,auc,MICN,2,0.05,0.576,0.45
mimic_iii,gatemask,auc,MICN,2,0.075,0.55,0.486
mimic_iii,gatemask,auc,MICN,2,0.1,0.538,0.517
mimic_iii,gatemask,auc,MICN,2,0.15,0.509,0.539
mimic_iii,gatemask,auc,MICN,3,0.05,0.794,0.727
mimic_iii,gatemask,auc,MICN,3,0.075,0.764,0.754
mimic_iii,gatemask,auc,MICN,3,0.1,0.731,0.767
mimic_iii,gatemask,auc,MICN,3,0.15,0.689,0.775
mimic_iii,gatemask,auc,SegRNN,1,0.05,0.799,0.5
mimic_iii,gatemask,auc,SegRNN,1,0.075,0.791,0.536
mimic_iii,gatemask,auc,SegRNN,1,0.1,0.78,0.575
mimic_iii,gatemask,auc,SegRNN,1,0.15,0.757,0.63
mimic_iii,gatemask,auc,SegRNN,2,0.05,0.609,0.369
mimic_iii,gatemask,auc,SegRNN,2,0.075,0.605,0.409
mimic_iii,gatemask,auc,SegRNN,2,0.1,0.602,0.44
mimic_iii,gatemask,auc,SegRNN,2,0.15,0.589,0.483
mimic_iii,gatemask,auc,SegRNN,3,0.05,0.855,0.521
mimic_iii,gatemask,auc,SegRNN,3,0.075,0.853,0.562
mimic_iii,gatemask,auc,SegRNN,3,0.1,0.848,0.596
mimic_iii,gatemask,auc,SegRNN,3,0.15,0.84,0.655
mimic_iii,gatemask,auc,iTransformer,1,0.05,0.48,0.39
mimic_iii,gatemask,auc,iTransformer,1,0.075,0.475,0.427
mimic_iii,gatemask,auc,iTransformer,1,0.1,0.469,0.445
mimic_iii,gatemask,auc,iTransformer,1,0.15,0.448,0.461
mimic_iii,gatemask,auc,iTransformer,2,0.05,0.699,0.565
mimic_iii,gatemask,auc,iTransformer,2,0.075,0.692,0.617
mimic_iii,gatemask,auc,iTransformer,2,0.1,0.677,0.648
mimic_iii,gatemask,auc,iTransformer,2,0.15,0.641,0.667
mimic_iii,gatemask,auc,iTransformer,3,0.05,0.565,0.512
mimic_iii,gatemask,auc,iTransformer,3,0.075,0.543,0.534
mimic_iii,gatemask,auc,iTransformer,3,0.1,0.528,0.544
mimic_iii,gatemask,auc,iTransformer,3,0.15,0.513,0.548
mimic_iii,wtsr,auc,DLinear,1,0.05,0.388,0.44
mimic_iii,wtsr,auc,DLinear,1,0.075,0.351,0.441
mimic_iii,wtsr,auc,DLinear,1,0.1,0.325,0.442
mimic_iii,wtsr,auc,DLinear,1,0.15,0.293,0.442
mimic_iii,wtsr,auc,DLinear,2,0.05,0.426,0.522
mimic_iii,wtsr,auc,DLinear,2,0.075,0.387,0.523
mimic_iii,wtsr,auc,DLinear,2,0.1,0.359,0.524
mimic_iii,wtsr,auc,DLinear,2,0.15,0.333,0.525
mimic_iii,wtsr,auc,DLinear,3,0.05,0.651,0.708
mimic_iii,wtsr,auc,DLinear,3,0.075,0.616,0.712
mimic_iii,wtsr,auc,DLinear,3,0.1,0.585,0.715
mimic_iii,wtsr,auc,DLinear,3,0.15,0.547,0.716
mimic_iii,wtsr,auc,MICN,1,0.05,0.381,0.368
mimic_iii,wtsr,auc,MICN,1,0.075,0.37,0.38
mimic_iii,wtsr,auc,MICN,1,0.1,0.357,0.384
mimic_iii,wtsr,auc,MICN,1,0.15,0.348,0.39
mimic_iii,wtsr,auc,MICN,2,0.05,0.492,0.545
mimic_iii,wtsr,auc,MICN,2,0.075,0.459,0.558
mimic_iii,wtsr,auc,MICN,2,0.1,0.447,0.566
mimic_iii,wtsr,auc,MICN,2,0.15,0.413,0.571
mimic_iii,wtsr,auc,MICN,3,0.05,0.73,0.796
mimic_iii,wtsr,auc,MICN,3,0.075,0.699,0.798
mimic_iii,wtsr,auc,MICN,3,0.1,0.675,0.798
mimic_iii,wtsr,auc,MICN,3,0.15,0.64,0.798
mimic_iii,wtsr,auc,SegRNN,1,0.05,0.472,0.697
mimic_iii,wtsr,auc,SegRNN,1,0.075,0.46,0.701
mimic_iii,wtsr,auc,SegRNN,1,0.1,0.45,0.704
mimic_iii,wtsr,auc,SegRNN,1,0.15,0.438,0.709
mimic_iii,wtsr,auc,SegRNN,2,0.05,0.402,0.541
mimic_iii,wtsr,auc,SegRNN,2,0.075,0.39,0.543
mimic_iii,wtsr,auc,SegRNN,2,0.1,0.379,0.547
mimic_iii,wtsr,auc,SegRNN,2,0.15,0.371,0.55
mimic_iii,wtsr,auc,SegRNN,3,0.05,0.61,0.787
mimic_iii,wtsr,auc,SegRNN,3,0.075,0.602,0.793
mimic_iii,wtsr,auc,SegRNN,3,0.1,0.587,0.797
mimic_iii,wtsr,auc,SegRNN,3,0.15,0.564,0.803
mimic_iii,wtsr,auc,iTransformer,1,0.05,0.464,0.428
mimic_iii,wtsr,auc,iTransformer,1,0.075,0.459,0.436
mimic_iii,wtsr,auc,iTransformer,1,0.1,0.454,0.445
mimic_iii,wtsr,auc,iTransformer,1,0.15,0.436,0.46
mimic_iii,wtsr,auc,iTransformer,2,0.05,0.63,0.638
mimic_iii,wtsr,auc,iTransformer,2,0.075,0.61,0.647
mimic_iii,wtsr,auc,iTransformer,2,0.1,0.587,0.663
mimic_iii,wtsr,auc,iTransformer,2,0.15,0.565,0.676
mimic_iii,wtsr,auc,iTransformer,3,0.05,0.54,0.472
mimic_iii,wtsr,auc,iTransformer,3,0.075,0.527,0.49
mimic_iii,wtsr,auc,iTransformer,3,0.1,0.518,0.507
mimic_iii,wtsr,auc,iTransformer,3,0.15,0.494,0.527
