batch_index,metric,tau,area,comp,suff
0,auc,0,0.05,0.0,0.0
0,auc,0,0.075,0.0,0.0
0,auc,0,0.1,0.0,0.0
0,auc,0,0.15,0.0,0.0
0,accuracy,0,0.05,1.0,1.0
0,accuracy,0,0.075,1.0,1.0
0,accuracy,0,0.1,1.0,1.0
0,accuracy,0,0.15,1.0,1.0
0,cross_entropy,0,0.05,0.057647,0.066562
0,cross_entropy,0,0.075,0.057484,0.070734
0,cross_entropy,0,0.1,0.057802,0.076708
0,cross_entropy,0,0.15,0.057756,0.080991
0,auc,1,0.05,0.0,0.0
0,auc,1,0.075,0.0,0.0
0,auc,1,0.1,0.0,0.0
0,auc,1,0.15,0.0,0.0
0,accuracy,1,0.05,1.0,1.0
0,accuracy,1,0.075,1.0,1.0
0,accuracy,1,0.1,1.0,1.0
0,accuracy,1,0.15,1.0,1.0
0,cross_entropy,1,0.05,0.056021,0.070054
0,cross_entropy,1,0.075,0.057846,0.07007
0,cross_entropy,1,0.1,0.05741,0.071237
0,cross_entropy,1,0.15,0.057194,0.077447
1,auc,0,0.05,0.0,0.0
1,auc,0,0.075,0.0,0.0
1,auc,0,0.1,0.0,0.0
1,auc,0,0.15,0.0,0.0
1,accuracy,0,0.05,1.0,1.0
1,accuracy,0,0.075,1.0,1.0
1,accuracy,0,0.1,1.0,1.0
1,accuracy,0,0.15,1.0,1.0
1,cross_entropy,0,0.05,0.061814,0.057778
1,cross_entropy,0,0.075,0.062166,0.066925
1,cross_entropy,0,0.1,0.06945,0.061604
1,cross_entropy,0,0.15,0.076318,0.057725
1,auc,1,0.05,0.0,0.0
1,auc,1,0.075,0.0,0.0
1,auc,1,0.1,0.0,0.0
1,auc,1,0.15,0.0,0.0
1,accuracy,1,0.05,1.0,1.0
1,accuracy,1,0.075,1.0,1.0
1,accuracy,1,0.1,1.0,1.0
1,accuracy,1,0.15,1.0,1.0
1,cross_entropy,1,0.05,0.060893,0.06059
1,cross_entropy,1,0.075,0.061959,0.069441
1,cross_entropy,1,0.1,0.066206,0.065199
1,cross_entropy,1,0.15,0.070479,0.061079
2,auc,0,0.05,0.0,0.0
2,auc,0,0.075,0.0,0.0
2,auc,0,0.1,0.0,0.0
2,auc,0,0.15,0.0,0.0
2,accuracy,0,0.05,1.0,1.0
2,accuracy,0,0.075,1.0,1.0
2,accuracy,0,0.1,1.0,1.0
2,accuracy,0,0.15,1.0,1.0
2,cross_entropy,0,0.05,0.063145,0.055448
2,cross_entropy,0,0.075,0.060078,0.054658
2,cross_entropy,0,0.1,0.063776,0.051091
2,cross_entropy,0,0.15,0.062561,0.052332
2,auc,1,0.05,0.0,0.0
2,auc,1,0.075,0.0,0.0
2,auc,1,0.1,0.0,0.0
2,auc,1,0.15,0.0,0.0
2,accuracy,1,0.05,1.0,1.0
2,accuracy,1,0.075,1.0,1.0
2,accuracy,1,0.1,1.0,1.0
2,accuracy,1,0.15,1.0,1.0
2,cross_entropy,1,0.05,0.062546,0.056475
2,cross_entropy,1,0.075,0.060979,0.054736
2,cross_entropy,1,0.1,0.063801,0.053267
2,cross_entropy,1,0.15,0.063158,0.049928
3,auc,0,0.05,0.0,0.0
3,auc,0,0.075,0.0,0.0
3,auc,0,0.1,0.0,0.0
3,auc,0,0.15,0.0,0.0
3,accuracy,0,0.05,1.0,1.0
3,accuracy,0,0.075,1.0,1.0
3,accuracy,0,0.1,1.0,1.0
3,accuracy,0,0.15,1.0,1.0
3,cross_entropy,0,0.05,0.057289,0.054729
3,cross_entropy,0,0.075,0.057479,0.057051
3,cross_entropy,0,0.1,0.053593,0.062935
3,cross_entropy,0,0.15,0.051927,0.069309
3,auc,1,0.05,0.0,0.0
3,auc,1,0.075,0.0,0.0
3,auc,1,0.1,0.0,0.0
3,auc,1,0.15,0.0,0.0
3,accuracy,1,0.05,1.0,1.0
3,accuracy,1,0.075,1.0,1.0
3,accuracy,1,0.1,1.0,1.0
3,accuracy,1,0.15,1.0,1.0
3,cross_entropy,1,0.05,0.053742,0.057683
3,cross_entropy,1,0.075,0.05318,0.060251
3,cross_entropy,1,0.1,0.052723,0.064194
3,cross_entropy,1,0.15,0.050256,0.073469
4,auc,0,0.05,0.0,0.0
4,auc,0,0.075,0.0,0.0
4,auc,0,0.1,0.0,0.0
4,auc,0,0.15,0.0,0.0
4,accuracy,0,0.05,1.0,1.0
4,accuracy,0,0.075,1.0,1.0
4,accuracy,0,0.1,1.0,1.0
4,accuracy,0,0.15,1.0,1.0
4,cross_entropy,0,0.05,0.069103,0.077657
4,cross_entropy,0,0.075,0.06839,0.083813
4,cross_entropy,0,0.1,0.065555,0.096656
4,cross_entropy,0,0.15,0.068942,0.094538
4,auc,1,0.05,0.0,0.0
4,auc,1,0.075,0.0,0.0
4,auc,1,0.1,0.0,0.0
4,auc,1,0.15,0.0,0.0
4,accuracy,1,0.05,1.0,1.0
4,accuracy,1,0.075,1.0,1.0
4,accuracy,1,0.1,1.0,1.0
4,accuracy,1,0.15,1.0,1.0
4,cross_entropy,1,0.05,0.065868,0.085159
4,cross_entropy,1,0.075,0.064487,0.088792
4,cross_entropy,1,0.1,0.066012,0.0969
4,cross_entropy,1,0.15,0.070126,0.096199
5,auc,0,0.05,0.0,0.0
5,auc,0,0.075,0.0,0.0
5,auc,0,0.1,0.0,0.0
5,auc,0,0.15,0.0,0.0
5,accuracy,0,0.05,1.0,1.0
5,accuracy,0,0.075,1.0,1.0
5,accuracy,0,0.1,1.0,1.0
5,accuracy,0,0.15,1.0,1.0
5,cross_entropy,0,0.05,0.080331,0.079242
5,cross_entropy,0,0.075,0.091002,0.074149
5,cross_entropy,0,0.1,0.103791,0.069809
5,cross_entropy,0,0.15,0.10487,0.065311
5,auc,1,0.05,0.0,0.0
5,auc,1,0.075,0.0,0.0
5,auc,1,0.1,0.0,0.0
5,auc,1,0.15,0.0,0.0
5,accuracy,1,0.05,1.0,1.0
5,accuracy,1,0.075,1.0,1.0
5,accuracy,1,0.1,1.0,1.0
5,accuracy,1,0.15,1.0,1.0
5,cross_entropy,1,0.05,0.077554,0.083219
5,cross_entropy,1,0.075,0.090577,0.074392
5,cross_entropy,1,0.1,0.104404,0.068733
5,cross_entropy,1,0.15,0.104812,0.066182
6,auc,0,0.05,0.0,0.0
6,auc,0,0.075,0.0,0.0
6,auc,0,0.1,0.0,0.0
6,auc,0,0.15,0.0,0.0
6,accuracy,0,0.05,1.0,1.0
6,accuracy,0,0.075,1.0,1.0
6,accuracy,0,0.1,1.0,1.0
6,accuracy,0,0.15,1.0,1.0
6,cross_entropy,0,0.05,0.065855,0.071201
6,cross_entropy,0,0.075,0.070876,0.067152
6,cross_entropy,0,0.1,0.069467,0.066307
6,cross_entropy,0,0.15,0.067423,0.069603
6,auc,1,0.05,0.0,0.0
6,auc,1,0.075,0.0,0.0
6,auc,1,0.1,0.0,0.0
6,auc,1,0.15,0.0,0.0
6,accuracy,1,0.05,1.0,1.0
6,accuracy,1,0.075,1.0,1.0
6,accuracy,1,0.1,1.0,1.0
6,accuracy,1,0.15,1.0,1.0
6,cross_entropy,1,0.05,0.063483,0.072583
6,cross_entropy,1,0.075,0.072623,0.064151
6,cross_entropy,1,0.1,0.070095,0.065503
6,cross_entropy,1,0.15,0.064298,0.071489
7,auc,0,0.05,0.0,0.0
7,auc,0,0.075,0.0,0.0
7,auc,0,0.1,0.0,0.0
7,auc,0,0.15,0.0,0.0
7,accuracy,0,0.05,1.0,1.0
7,accuracy,0,0.075,1.0,1.0
7,accuracy,0,0.1,1.0,1.0
7,accuracy,0,0.15,1.0,1.0
7,cross_entropy,0,0.05,0.088268,0.086307
7,cross_entropy,0,0.075,0.095461,0.082321
7,cross_entropy,0,0.1,0.094484,0.090927
7,cross_entropy,0,0.15,0.091638,0.104117
7,auc,1,0.05,0.0,0.0
7,auc,1,0.075,0.0,0.0
7,auc,1,0.1,0.0,0.0
7,auc,1,0.15,0.0,0.0
7,accuracy,1,0.05,1.0,1.0
7,accuracy,1,0.075,1.0,1.0
7,accuracy,1,0.1,1.0,1.0
7,accuracy,1,0.15,1.0,1.0
7,cross_entropy,1,0.05,0.090077,0.083041
7,cross_entropy,1,0.075,0.093787,0.08192
7,cross_entropy,1,0.1,0.091974,0.087916
7,cross_entropy,1,0.15,0.089276,0.09788
8,auc,0,0.05,0.0,0.0
8,auc,0,0.075,0.0,0.0
8,auc,0,0.1,0.0,0.0
8,auc,0,0.15,0.0,0.0
8,accuracy,0,0.05,1.0,1.0
8,accuracy,0,0.075,1.0,1.0
8,accuracy,0,0.1,1.0,1.0
8,accuracy,0,0.15,1.0,1.0
8,cross_entropy,0,0.05,0.058983,0.065146
8,cross_entropy,0,0.075,0.060896,0.065957
8,cross_entropy,0,0.1,0.067322,0.068579
8,cross_entropy,0,0.15,0.07042,0.062688
8,auc,1,0.05,0.0,0.0
8,auc,1,0.075,0.0,0.0
8,auc,1,0.1,0.0,0.0
8,auc,1,0.15,0.0,0.0
8,accuracy,1,0.05,1.0,1.0
8,accuracy,1,0.075,1.0,1.0
8,accuracy,1,0.1,1.0,1.0
8,accuracy,1,0.15,1.0,1.0
8,cross_entropy,1,0.05,0.060588,0.066482
8,cross_entropy,1,0.075,0.058499,0.07355
8,cross_entropy,1,0.1,0.063208,0.070983
8,cross_entropy,1,0.15,0.066609,0.06695
9,auc,0,0.05,0.0,0.0
9,auc,0,0.075,0.0,0.0
9,auc,0,0.1,0.0,0.0
9,auc,0,0.15,0.0,0.0
9,accuracy,0,0.05,1.0,1.0
9,accuracy,0,0.075,1.0,1.0
9,accuracy,0,0.1,1.0,1.0
9,accuracy,0,0.15,1.0,1.0
9,cross_entropy,0,0.05,0.04503,0.052165
9,cross_entropy,0,0.075,0.042956,0.054875
9,cross_entropy,0,0.1,0.044202,0.052388
9,cross_entropy,0,0.15,0.045163,0.053683
9,auc,1,0.05,0.0,0.0
9,auc,1,0.075,0.0,0.0
9,auc,1,0.1,0.0,0.0
9,auc,1,0.15,0.0,0.0
9,accuracy,1,0.05,1.0,1.0
9,accuracy,1,0.075,1.0,1.0
9,accuracy,1,0.1,1.0,1.0
9,accuracy,1,0.15,1.0,1.0
9,cross_entropy,1,0.05,0.043821,0.055138
9,cross_entropy,1,0.075,0.042314,0.055985
9,cross_entropy,1,0.1,0.044708,0.051637
9,cross_entropy,1,0.15,0.043875,0.054685
10,auc,0,0.05,0.0,0.0
10,auc,0,0.075,0.0,0.0
10,auc,0,0.1,0.0,0.0
10,auc,0,0.15,0.0,0.0
10,accuracy,0,0.05,1.0,1.0
10,accuracy,0,0.075,1.0,1.0
10,accuracy,0,0.1,1.0,1.0
10,accuracy,0,0.15,1.0,1.0
10,cross_entropy,0,0.05,0.053583,0.053603
10,cross_entropy,0,0.075,0.054624,0.054297
10,cross_entropy,0,0.1,0.05643,0.05379
10,cross_entropy,0,0.15,0.055963,0.054901
10,auc,1,0.05,0.0,0.0
10,auc,1,0.075,0.0,0.0
10,auc,1,0.1,0.0,0.0
10,auc,1,0.15,0.0,0.0
10,accuracy,1,0.05,1.0,1.0
10,accuracy,1,0.075,1.0,1.0
10,accuracy,1,0.1,1.0,1.0
10,accuracy,1,0.15,1.0,1.0
10,cross_entropy,1,0.05,0.052693,0.054915
10,cross_entropy,1,0.075,0.056474,0.051055
10,cross_entropy,1,0.1,0.052835,0.056001
10,cross_entropy,1,0.15,0.056002,0.059963
11,auc,0,0.05,1.0,1.0
11,auc,0,0.075,1.0,1.0
11,auc,0,0.1,1.0,1.0
11,auc,0,0.15,1.0,1.0
11,accuracy,0,0.05,0.9375,0.9375
11,accuracy,0,0.075,0.9375,0.9375
11,accuracy,0,0.1,0.9375,0.9375
11,accuracy,0,0.15,0.9375,1.0
11,cross_entropy,0,0.05,0.163381,0.128388
11,cross_entropy,0,0.075,0.157076,0.104263
11,cross_entropy,0,0.1,0.161737,0.102785
11,cross_entropy,0,0.15,0.176755,0.097482
11,auc,1,0.05,1.0,1.0
11,auc,1,0.075,1.0,1.0
11,auc,1,0.1,1.0,1.0
11,auc,1,0.15,1.0,1.0
11,accuracy,1,0.05,0.9375,0.9375
11,accuracy,1,0.075,0.9375,0.9375
11,accuracy,1,0.1,0.9375,0.9375
11,accuracy,1,0.15,0.9375,1.0
11,cross_entropy,1,0.05,0.183875,0.116421
11,cross_entropy,1,0.075,0.154798,0.112442
11,cross_entropy,1,0.1,0.174222,0.107947
11,cross_entropy,1,0.15,0.186198,0.08653
12,auc,0,0.05,0.0,0.0
12,auc,0,0.075,0.0,0.0
12,auc,0,0.1,0.0,0.0
12,auc,0,0.15,0.0,0.0
12,accuracy,0,0.05,1.0,1.0
12,accuracy,0,0.075,1.0,1.0
12,accuracy,0,0.1,1.0,1.0
12,accuracy,0,0.15,1.0,1.0
12,cross_entropy,0,0.05,0.080425,0.071164
12,cross_entropy,0,0.075,0.077022,0.072784
12,cross_entropy,0,0.1,0.074967,0.076089
12,cross_entropy,0,0.15,0.07572,0.092737
12,auc,1,0.05,0.0,0.0
12,auc,1,0.075,0.0,0.0
12,auc,1,0.1,0.0,0.0
12,auc,1,0.15,0.0,0.0
12,accuracy,1,0.05,1.0,1.0
12,accuracy,1,0.075,1.0,1.0
12,accuracy,1,0.1,1.0,1.0
12,accuracy,1,0.15,1.0,1.0
12,cross_entropy,1,0.05,0.07785,0.07163
12,cross_entropy,1,0.075,0.07543,0.073147
12,cross_entropy,1,0.1,0.072365,0.079941
12,cross_entropy,1,0.15,0.071625,0.091688
13,auc,0,0.05,1.0,1.0
13,auc,0,0.075,1.0,1.0
13,auc,0,0.1,1.0,1.0
13,auc,0,0.15,1.0,1.0
13,accuracy,0,0.05,1.0,0.9375
13,accuracy,0,0.075,1.0,0.9375
13,accuracy,0,0.1,1.0,0.9375
13,accuracy,0,0.15,1.0,1.0
13,cross_entropy,0,0.05,0.066261,0.151531
13,cross_entropy,0,0.075,0.078114,0.110909
13,cross_entropy,0,0.1,0.075272,0.113935
13,cross_entropy,0,0.15,0.090752,0.077792
13,auc,1,0.05,1.0,1.0
13,auc,1,0.075,1.0,1.0
13,auc,1,0.1,1.0,1.0
13,auc,1,0.15,1.0,1.0
13,accuracy,1,0.05,1.0,0.9375
13,accuracy,1,0.075,1.0,0.9375
13,accuracy,1,0.1,1.0,1.0
13,accuracy,1,0.15,1.0,1.0
13,cross_entropy,1,0.05,0.064074,0.150124
13,cross_entropy,1,0.075,0.074841,0.123308
13,cross_entropy,1,0.1,0.078289,0.109805
13,cross_entropy,1,0.15,0.08488,0.088384
14,auc,0,0.05,0.0,0.0
14,auc,0,0.075,0.0,0.0
14,auc,0,0.1,0.0,0.0
14,auc,0,0.15,0.0,0.0
14,accuracy,0,0.05,1.0,1.0
14,accuracy,0,0.075,1.0,1.0
14,accuracy,0,0.1,1.0,1.0
14,accuracy,0,0.15,1.0,1.0
14,cross_entropy,0,0.05,0.05865,0.06582
14,cross_entropy,0,0.075,0.061526,0.064813
14,cross_entropy,0,0.1,0.061869,0.063183
14,cross_entropy,0,0.15,0.0669,0.061148
14,auc,1,0.05,0.0,0.0
14,auc,1,0.075,0.0,0.0
14,auc,1,0.1,0.0,0.0
14,auc,1,0.15,0.0,0.0
14,accuracy,1,0.05,1.0,1.0
14,accuracy,1,0.075,1.0,1.0
14,accuracy,1,0.1,1.0,1.0
14,accuracy,1,0.15,1.0,1.0
14,cross_entropy,1,0.05,0.060743,0.063427
14,cross_entropy,1,0.075,0.060975,0.062051
14,cross_entropy,1,0.1,0.064448,0.059374
14,cross_entropy,1,0.15,0.067953,0.059909
15,auc,0,0.05,0.8,0.933333
15,auc,0,0.075,0.733333,1.0
15,auc,0,0.1,0.6,1.0
15,auc,0,0.15,0.6,1.0
15,accuracy,0,0.05,0.9375,0.9375
15,accuracy,0,0.075,0.9375,1.0
15,accuracy,0,0.1,0.9375,1.0
15,accuracy,0,0.15,0.9375,1.0
15,cross_entropy,0,0.05,0.219926,0.148587
15,cross_entropy,0,0.075,0.243147,0.135839
15,cross_entropy,0,0.1,0.242471,0.145869
15,cross_entropy,0,0.15,0.243951,0.146835
15,auc,1,0.05,0.8,0.933333
15,auc,1,0.075,0.733333,1.0
15,auc,1,0.1,0.666667,1.0
15,auc,1,0.15,0.6,1.0
15,accuracy,1,0.05,0.9375,0.9375
15,accuracy,1,0.075,0.9375,1.0
15,accuracy,1,0.1,0.9375,1.0
15,accuracy,1,0.15,0.9375,1.0
15,cross_entropy,1,0.05,0.219926,0.161142
15,cross_entropy,1,0.075,0.235041,0.139084
15,cross_entropy,1,0.1,0.244914,0.135264
15,cross_entropy,1,0.15,0.242536,0.153497
16,auc,0,0.05,0.0,0.0
16,auc,0,0.075,0.0,0.0
16,auc,0,0.1,0.0,0.0
16,auc,0,0.15,0.0,0.0
16,accuracy,0,0.05,1.0,1.0
16,accuracy,0,0.075,1.0,1.0
16,accuracy,0,0.1,1.0,1.0
16,accuracy,0,0.15,1.0,1.0
16,cross_entropy,0,0.05,0.076801,0.074848
16,cross_entropy,0,0.075,0.076224,0.078351
16,cross_entropy,0,0.1,0.072247,0.097352
16,cross_entropy,0,0.15,0.071044,0.10956
16,auc,1,0.05,0.0,0.0
16,auc,1,0.075,0.0,0.0
16,auc,1,0.1,0.0,0.0
16,auc,1,0.15,0.0,0.0
16,accuracy,1,0.05,1.0,1.0
16,accuracy,1,0.075,1.0,1.0
16,accuracy,1,0.1,1.0,1.0
16,accuracy,1,0.15,1.0,1.0
16,cross_entropy,1,0.05,0.08462,0.069076
16,cross_entropy,1,0.075,0.072019,0.087381
16,cross_entropy,1,0.1,0.074906,0.083043
16,cross_entropy,1,0.15,0.069134,0.114121
17,auc,0,0.05,0.0,0.0
17,auc,0,0.075,0.0,0.0
17,auc,0,0.1,0.0,0.0
17,auc,0,0.15,0.0,0.0
17,accuracy,0,0.05,0.9375,1.0
17,accuracy,0,0.075,0.9375,1.0
17,accuracy,0,0.1,1.0,1.0
17,accuracy,0,0.15,0.9375,1.0
17,cross_entropy,0,0.05,0.090984,0.060128
17,cross_entropy,0,0.075,0.096154,0.056239
17,cross_entropy,0,0.1,0.101477,0.0517
17,cross_entropy,0,0.15,0.112362,0.054024
17,auc,1,0.05,0.0,0.0
17,auc,1,0.075,0.0,0.0
17,auc,1,0.1,0.0,0.0
17,auc,1,0.15,0.0,0.0
17,accuracy,1,0.05,1.0,1.0
17,accuracy,1,0.075,0.9375,1.0
17,accuracy,1,0.1,1.0,1.0
17,accuracy,1,0.15,0.9375,1.0
17,cross_entropy,1,0.05,0.085837,0.05818
17,cross_entropy,1,0.075,0.099222,0.052566
17,cross_entropy,1,0.1,0.09686,0.053804
17,cross_entropy,1,0.15,0.106392,0.051346
18,auc,0,0.05,0.0,0.0
18,auc,0,0.075,0.0,0.0
18,auc,0,0.1,0.0,0.0
18,auc,0,0.15,0.0,0.0
18,accuracy,0,0.05,1.0,1.0
18,accuracy,0,0.075,1.0,1.0
18,accuracy,0,0.1,1.0,1.0
18,accuracy,0,0.15,1.0,1.0
18,cross_entropy,0,0.05,0.059269,0.078361
18,cross_entropy,0,0.075,0.057427,0.089583
18,cross_entropy,0,0.1,0.05607,0.090782
18,cross_entropy,0,0.15,0.063032,0.080093
18,auc,1,0.05,0.0,0.0
18,auc,1,0.075,0.0,0.0
18,auc,1,0.1,0.0,0.0
18,auc,1,0.15,0.0,0.0
18,accuracy,1,0.05,1.0,1.0
18,accuracy,1,0.075,1.0,1.0
18,accuracy,1,0.1,1.0,1.0
18,accuracy,1,0.15,1.0,1.0
18,cross_entropy,1,0.05,0.059732,0.08102
18,cross_entropy,1,0.075,0.059488,0.088056
18,cross_entropy,1,0.1,0.060222,0.084827
18,cross_entropy,1,0.15,0.061148,0.079462
19,auc,0,0.05,0.0,0.0
19,auc,0,0.075,0.0,0.0
19,auc,0,0.1,0.0,0.0
19,auc,0,0.15,0.0,0.0
19,accuracy,0,0.05,1.0,1.0
19,accuracy,0,0.075,1.0,1.0
19,accuracy,0,0.1,1.0,1.0
19,accuracy,0,0.15,1.0,1.0
19,cross_entropy,0,0.05,0.053815,0.07479
19,cross_entropy,0,0.075,0.05843,0.072553
19,cross_entropy,0,0.1,0.054315,0.079673
19,cross_entropy,0,0.15,0.055181,0.079733
19,auc,1,0.05,0.0,0.0
19,auc,1,0.075,0.0,0.0
19,auc,1,0.1,0.0,0.0
19,auc,1,0.15,0.0,0.0
19,accuracy,1,0.05,1.0,1.0
19,accuracy,1,0.075,1.0,1.0
19,accuracy,1,0.1,1.0,1.0
19,accuracy,1,0.15,1.0,1.0
19,cross_entropy,1,0.05,0.056534,0.071538
19,cross_entropy,1,0.075,0.057945,0.072701
19,cross_entropy,1,0.1,0.056712,0.072722
19,cross_entropy,1,0.15,0.057017,0.075757
20,auc,0,0.05,0.0,0.0
20,auc,0,0.075,0.0,0.0
20,auc,0,0.1,0.0,0.0
20,auc,0,0.15,0.0,0.0
20,accuracy,0,0.05,1.0,1.0
20,accuracy,0,0.075,1.0,1.0
20,accuracy,0,0.1,1.0,1.0
20,accuracy,0,0.15,1.0,1.0
20,cross_entropy,0,0.05,0.061928,0.083058
20,cross_entropy,0,0.075,0.057657,0.091737
20,cross_entropy,0,0.1,0.056738,0.097059
20,cross_entropy,0,0.15,0.060361,0.089319
20,auc,1,0.05,0.0,0.0
20,auc,1,0.075,0.0,0.0
20,auc,1,0.1,0.0,0.0
20,auc,1,0.15,0.0,0.0
20,accuracy,1,0.05,1.0,1.0
20,accuracy,1,0.075,1.0,1.0
20,accuracy,1,0.1,1.0,1.0
20,accuracy,1,0.15,1.0,1.0
20,cross_entropy,1,0.05,0.063948,0.079915
20,cross_entropy,1,0.075,0.059237,0.093748
20,cross_entropy,1,0.1,0.056909,0.100573
20,cross_entropy,1,0.15,0.063516,0.090017
21,auc,0,0.05,0.0,0.0
21,auc,0,0.075,0.0,0.0
21,auc,0,0.1,0.0,0.0
21,auc,0,0.15,0.0,0.0
21,accuracy,0,0.05,1.0,1.0
21,accuracy,0,0.075,1.0,1.0
21,accuracy,0,0.1,1.0,1.0
21,accuracy,0,0.15,1.0,1.0
21,cross_entropy,0,0.05,0.056006,0.06803
21,cross_entropy,0,0.075,0.052488,0.07936
21,cross_entropy,0,0.1,0.052834,0.076976
21,cross_entropy,0,0.15,0.053879,0.083243
21,auc,1,0.05,0.0,0.0
21,auc,1,0.075,0.0,0.0
21,auc,1,0.1,0.0,0.0
21,auc,1,0.15,0.0,0.0
21,accuracy,1,0.05,1.0,1.0
21,accuracy,1,0.075,1.0,1.0
21,accuracy,1,0.1,1.0,1.0
21,accuracy,1,0.15,1.0,1.0
21,cross_entropy,1,0.05,0.057114,0.066382
21,cross_entropy,1,0.075,0.052831,0.071737
21,cross_entropy,1,0.1,0.052256,0.073706
21,cross_entropy,1,0.15,0.054273,0.078289
22,auc,0,0.05,0.0,0.0
22,auc,0,0.075,0.0,0.0
22,auc,0,0.1,0.0,0.0
22,auc,0,0.15,0.0,0.0
22,accuracy,0,0.05,1.0,1.0
22,accuracy,0,0.075,1.0,1.0
22,accuracy,0,0.1,1.0,1.0
22,accuracy,0,0.15,1.0,1.0
22,cross_entropy,0,0.05,0.074917,0.065187
22,cross_entropy,0,0.075,0.068099,0.071527
22,cross_entropy,0,0.1,0.066945,0.074498
22,cross_entropy,0,0.15,0.072184,0.06966
22,auc,1,0.05,0.0,0.0
22,auc,1,0.075,0.0,0.0
22,auc,1,0.1,0.0,0.0
22,auc,1,0.15,0.0,0.0
22,accuracy,1,0.05,1.0,1.0
22,accuracy,1,0.075,1.0,1.0
22,accuracy,1,0.1,1.0,1.0
22,accuracy,1,0.15,1.0,1.0
22,cross_entropy,1,0.05,0.072461,0.068354
22,cross_entropy,1,0.075,0.067374,0.074327
22,cross_entropy,1,0.1,0.066687,0.075735
22,cross_entropy,1,0.15,0.068503,0.074118
23,auc,0,0.05,0.897436,1.0
23,auc,0,0.075,0.897436,1.0
23,auc,0,0.1,0.717949,1.0
23,auc,0,0.15,0.692308,1.0
23,accuracy,0,0.05,0.75,0.9375
23,accuracy,0,0.075,0.75,0.9375
23,accuracy,0,0.1,0.75,0.9375
23,accuracy,0,0.15,0.8125,0.9375
23,cross_entropy,0,0.05,0.386302,0.199043
23,cross_entropy,0,0.075,0.461398,0.165652
23,cross_entropy,0,0.1,0.49532,0.150956
23,cross_entropy,0,0.15,0.513199,0.145164
23,auc,1,0.05,0.897436,1.0
23,auc,1,0.075,0.897436,1.0
23,auc,1,0.1,0.846154,1.0
23,auc,1,0.15,0.692308,1.0
23,accuracy,1,0.05,0.8125,0.9375
23,accuracy,1,0.075,0.75,0.9375
23,accuracy,1,0.1,0.8125,0.9375
23,accuracy,1,0.15,0.8125,0.9375
23,cross_entropy,1,0.05,0.355306,0.200217
23,cross_entropy,1,0.075,0.449726,0.171689
23,cross_entropy,1,0.1,0.48268,0.164931
23,cross_entropy,1,0.15,0.506657,0.145561
24,auc,0,0.05,0.866667,1.0
24,auc,0,0.075,0.733333,1.0
24,auc,0,0.1,0.8,1.0
24,auc,0,0.15,0.666667,1.0
24,accuracy,0,0.05,0.9375,1.0
24,accuracy,0,0.075,0.9375,1.0
24,accuracy,0,0.1,0.9375,1.0
24,accuracy,0,0.15,0.9375,1.0
24,cross_entropy,0,0.05,0.205458,0.084386
24,cross_entropy,0,0.075,0.223748,0.081513
24,cross_entropy,0,0.1,0.219962,0.087473
24,cross_entropy,0,0.15,0.222541,0.091168
24,auc,1,0.05,0.866667,1.0
24,auc,1,0.075,0.733333,1.0
24,auc,1,0.1,0.733333,1.0
24,auc,1,0.15,0.466667,1.0
24,accuracy,1,0.05,0.9375,1.0
24,accuracy,1,0.075,0.9375,1.0
24,accuracy,1,0.1,0.9375,1.0
24,accuracy,1,0.15,0.9375,1.0
24,cross_entropy,1,0.05,0.207151,0.084581
24,cross_entropy,1,0.075,0.22227,0.084831
24,cross_entropy,1,0.1,0.222084,0.085822
24,cross_entropy,1,0.15,0.235374,0.088341
25,auc,0,0.05,1.0,1.0
25,auc,0,0.075,1.0,1.0
25,auc,0,0.1,1.0,1.0
25,auc,0,0.15,1.0,1.0
25,accuracy,0,0.05,0.9375,0.9375
25,accuracy,0,0.075,0.9375,0.9375
25,accuracy,0,0.1,0.9375,1.0
25,accuracy,0,0.15,0.9375,1.0
25,cross_entropy,0,0.05,0.117143,0.142827
25,cross_entropy,0,0.075,0.129715,0.118137
25,cross_entropy,0,0.1,0.136663,0.098137
25,cross_entropy,0,0.15,0.151566,0.091579
25,auc,1,0.05,1.0,1.0
25,auc,1,0.075,1.0,1.0
25,auc,1,0.1,1.0,1.0
25,auc,1,0.15,1.0,1.0
25,accuracy,1,0.05,0.9375,0.9375
25,accuracy,1,0.075,0.9375,0.9375
25,accuracy,1,0.1,0.9375,1.0
25,accuracy,1,0.15,0.9375,1.0
25,cross_entropy,1,0.05,0.11649,0.139129
25,cross_entropy,1,0.075,0.123815,0.107904
25,cross_entropy,1,0.1,0.136582,0.095353
25,cross_entropy,1,0.15,0.157848,0.085726
26,auc,0,0.05,0.0,0.0
26,auc,0,0.075,0.0,0.0
26,auc,0,0.1,0.0,0.0
26,auc,0,0.15,0.0,0.0
26,accuracy,0,0.05,1.0,1.0
26,accuracy,0,0.075,1.0,1.0
26,accuracy,0,0.1,1.0,1.0
26,accuracy,0,0.15,1.0,1.0
26,cross_entropy,0,0.05,0.046705,0.037392
26,cross_entropy,0,0.075,0.052873,0.036947
26,cross_entropy,0,0.1,0.060817,0.034473
26,cross_entropy,0,0.15,0.067632,0.034596
26,auc,1,0.05,0.0,0.0
26,auc,1,0.075,0.0,0.0
26,auc,1,0.1,0.0,0.0
26,auc,1,0.15,0.0,0.0
26,accuracy,1,0.05,1.0,1.0
26,accuracy,1,0.075,1.0,1.0
26,accuracy,1,0.1,1.0,1.0
26,accuracy,1,0.15,1.0,1.0
26,cross_entropy,1,0.05,0.047536,0.037775
26,cross_entropy,1,0.075,0.052171,0.037333
26,cross_entropy,1,0.1,0.058727,0.036351
26,cross_entropy,1,0.15,0.063568,0.033675
27,auc,0,0.05,0.0,0.0
27,auc,0,0.075,0.0,0.0
27,auc,0,0.1,0.0,0.0
27,auc,0,0.15,0.0,0.0
27,accuracy,0,0.05,1.0,1.0
27,accuracy,0,0.075,1.0,1.0
27,accuracy,0,0.1,1.0,1.0
27,accuracy,0,0.15,1.0,1.0
27,cross_entropy,0,0.05,0.061768,0.056098
27,cross_entropy,0,0.075,0.060288,0.058527
27,cross_entropy,0,0.1,0.057791,0.062847
27,cross_entropy,0,0.15,0.057824,0.070823
27,auc,1,0.05,0.0,0.0
27,auc,1,0.075,0.0,0.0
27,auc,1,0.1,0.0,0.0
27,auc,1,0.15,0.0,0.0
27,accuracy,1,0.05,1.0,1.0
27,accuracy,1,0.075,1.0,1.0
27,accuracy,1,0.1,1.0,1.0
27,accuracy,1,0.15,1.0,1.0
27,cross_entropy,1,0.05,0.063848,0.053803
27,cross_entropy,1,0.075,0.060258,0.057859
27,cross_entropy,1,0.1,0.057887,0.064785
27,cross_entropy,1,0.15,0.057958,0.071296
28,auc,0,0.05,1.0,1.0
28,auc,0,0.075,1.0,1.0
28,auc,0,0.1,1.0,1.0
28,auc,0,0.15,0.964286,1.0
28,accuracy,0,0.05,0.9375,0.875
28,accuracy,0,0.075,0.875,0.9375
28,accuracy,0,0.1,0.875,0.9375
28,accuracy,0,0.15,0.875,1.0
28,cross_entropy,0,0.05,0.185477,0.197458
28,cross_entropy,0,0.075,0.211427,0.168406
28,cross_entropy,0,0.1,0.262458,0.132464
28,cross_entropy,0,0.15,0.31139,0.113071
28,auc,1,0.05,1.0,1.0
28,auc,1,0.075,1.0,1.0
28,auc,1,0.1,1.0,1.0
28,auc,1,0.15,0.928571,1.0
28,accuracy,1,0.05,0.875,0.875
28,accuracy,1,0.075,0.875,0.9375
28,accuracy,1,0.1,0.875,0.9375
28,accuracy,1,0.15,0.875,0.9375
28,cross_entropy,1,0.05,0.18409,0.189002
28,cross_entropy,1,0.075,0.200452,0.157969
28,cross_entropy,1,0.1,0.264653,0.133349
28,cross_entropy,1,0.15,0.310341,0.123089
29,auc,0,0.05,0.0,0.0
29,auc,0,0.075,0.0,0.0
29,auc,0,0.1,0.0,0.0
29,auc,0,0.15,0.0,0.0
29,accuracy,0,0.05,1.0,1.0
29,accuracy,0,0.075,1.0,1.0
29,accuracy,0,0.1,1.0,1.0
29,accuracy,0,0.15,1.0,1.0
29,cross_entropy,0,0.05,0.066992,0.076405
29,cross_entropy,0,0.075,0.062364,0.081529
29,cross_entropy,0,0.1,0.060043,0.090179
29,cross_entropy,0,0.15,0.057961,0.087631
29,auc,1,0.05,0.0,0.0
29,auc,1,0.075,0.0,0.0
29,auc,1,0.1,0.0,0.0
29,auc,1,0.15,0.0,0.0
29,accuracy,1,0.05,1.0,1.0
29,accuracy,1,0.075,1.0,1.0
29,accuracy,1,0.1,1.0,1.0
29,accuracy,1,0.15,1.0,1.0
29,cross_entropy,1,0.05,0.068537,0.076963
29,cross_entropy,1,0.075,0.062409,0.082461
29,cross_entropy,1,0.1,0.060102,0.087388
29,cross_entropy,1,0.15,0.056989,0.089851
30,auc,0,0.05,0.0,0.0
30,auc,0,0.075,0.0,0.0
30,auc,0,0.1,0.0,0.0
30,auc,0,0.15,0.0,0.0
30,accuracy,0,0.05,1.0,1.0
30,accuracy,0,0.075,1.0,1.0
30,accuracy,0,0.1,1.0,1.0
30,accuracy,0,0.15,1.0,1.0
30,cross_entropy,0,0.05,0.068375,0.058529
30,cross_entropy,0,0.075,0.075811,0.055083
30,cross_entropy,0,0.1,0.076706,0.053991
30,cross_entropy,0,0.15,0.08186,0.052759
30,auc,1,0.05,0.0,0.0
30,auc,1,0.075,0.0,0.0
30,auc,1,0.1,0.0,0.0
30,auc,1,0.15,0.0,0.0
30,accuracy,1,0.05,1.0,1.0
30,accuracy,1,0.075,1.0,1.0
30,accuracy,1,0.1,1.0,1.0
30,accuracy,1,0.15,1.0,1.0
30,cross_entropy,1,0.05,0.065932,0.060018
30,cross_entropy,1,0.075,0.07056,0.058512
30,cross_entropy,1,0.1,0.075093,0.057655
30,cross_entropy,1,0.15,0.076269,0.055299
31,auc,0,0.05,0.866667,1.0
31,auc,0,0.075,0.866667,1.0
31,auc,0,0.1,0.866667,1.0
31,auc,0,0.15,0.866667,1.0
31,accuracy,0,0.05,0.9375,0.9375
31,accuracy,0,0.075,0.9375,1.0
31,accuracy,0,0.1,0.9375,1.0
31,accuracy,0,0.15,0.9375,0.9375
31,cross_entropy,0,0.05,0.193965,0.146094
31,cross_entropy,0,0.075,0.233246,0.142206
31,cross_entropy,0,0.1,0.218935,0.155697
31,cross_entropy,0,0.15,0.220183,0.176973
31,auc,1,0.05,0.866667,1.0
31,auc,1,0.075,0.866667,1.0
31,auc,1,0.1,0.866667,1.0
31,auc,1,0.15,0.866667,1.0
31,accuracy,1,0.05,0.9375,0.9375
31,accuracy,1,0.075,0.9375,1.0
31,accuracy,1,0.1,0.9375,1.0
31,accuracy,1,0.15,0.9375,0.9375
31,cross_entropy,1,0.05,0.194835,0.137121
31,cross_entropy,1,0.075,0.223837,0.143649
31,cross_entropy,1,0.1,0.217958,0.159399
31,cross_entropy,1,0.15,0.218097,0.190309
32,auc,0,0.05,0.892857,1.0
32,auc,0,0.075,0.75,1.0
32,auc,0,0.1,0.714286,1.0
32,auc,0,0.15,0.678571,0.964286
32,accuracy,0,0.05,0.875,0.875
32,accuracy,0,0.075,0.875,0.9375
32,accuracy,0,0.1,0.875,0.9375
32,accuracy,0,0.15,0.875,0.9375
32,cross_entropy,0,0.05,0.32845,0.204669
32,cross_entropy,0,0.075,0.395154,0.15601
32,cross_entropy,0,0.1,0.418542,0.166365
32,cross_entropy,0,0.15,0.412459,0.176847
32,auc,1,0.05,0.928571,1.0
32,auc,1,0.075,0.785714,1.0
32,auc,1,0.1,0.607143,1.0
32,auc,1,0.15,0.678571,0.964286
32,accuracy,1,0.05,0.875,0.875
32,accuracy,1,0.075,0.875,0.875
32,accuracy,1,0.1,0.875,0.9375
32,accuracy,1,0.15,0.875,0.9375
32,cross_entropy,1,0.05,0.310879,0.233164
32,cross_entropy,1,0.075,0.383598,0.166058
32,cross_entropy,1,0.1,0.426696,0.151187
32,cross_entropy,1,0.15,0.401689,0.174751
33,auc,0,0.05,1.0,0.866667
33,auc,0,0.075,1.0,0.866667
33,auc,0,0.1,1.0,0.8
33,auc,0,0.15,1.0,1.0
33,accuracy,0,0.05,0.9375,0.9375
33,accuracy,0,0.075,0.9375,0.9375
33,accuracy,0,0.1,0.9375,0.9375
33,accuracy,0,0.15,0.9375,0.9375
33,cross_entropy,0,0.05,0.114347,0.193263
33,cross_entropy,0,0.075,0.115509,0.209327
33,cross_entropy,0,0.1,0.123008,0.213547
33,cross_entropy,0,0.15,0.126509,0.19482
33,auc,1,0.05,1.0,1.0
33,auc,1,0.075,1.0,1.0
33,auc,1,0.1,1.0,0.733333
33,auc,1,0.15,1.0,1.0
33,accuracy,1,0.05,0.9375,0.9375
33,accuracy,1,0.075,0.9375,0.9375
33,accuracy,1,0.1,0.9375,0.9375
33,accuracy,1,0.15,0.9375,0.9375
33,cross_entropy,1,0.05,0.121232,0.17575
33,cross_entropy,1,0.075,0.129475,0.162974
33,cross_entropy,1,0.1,0.111336,0.22688
33,cross_entropy,1,0.15,0.130371,0.176521
34,auc,0,0.05,1.0,1.0
34,auc,0,0.075,1.0,1.0
34,auc,0,0.1,1.0,1.0
34,auc,0,0.15,1.0,1.0
34,accuracy,0,0.05,1.0,1.0
34,accuracy,0,0.075,1.0,1.0
34,accuracy,0,0.1,1.0,1.0
34,accuracy,0,0.15,1.0,1.0
34,cross_entropy,0,0.05,0.091495,0.1038
34,cross_entropy,0,0.075,0.090059,0.091241
34,cross_entropy,0,0.1,0.084251,0.090109
34,cross_entropy,0,0.15,0.074091,0.092331
34,auc,1,0.05,1.0,1.0
34,auc,1,0.075,1.0,1.0
34,auc,1,0.1,1.0,1.0
34,auc,1,0.15,1.0,1.0
34,accuracy,1,0.05,1.0,0.9375
34,accuracy,1,0.075,1.0,1.0
34,accuracy,1,0.1,1.0,1.0
34,accuracy,1,0.15,1.0,1.0
34,cross_entropy,1,0.05,0.085021,0.111802
34,cross_entropy,1,0.075,0.082792,0.100081
34,cross_entropy,1,0.1,0.080029,0.092491
34,cross_entropy,1,0.15,0.074765,0.08867
35,auc,0,0.05,0.0,0.0
35,auc,0,0.075,0.0,0.0
35,auc,0,0.1,0.0,0.0
35,auc,0,0.15,0.0,0.0
35,accuracy,0,0.05,1.0,1.0
35,accuracy,0,0.075,1.0,0.9375
35,accuracy,0,0.1,1.0,1.0
35,accuracy,0,0.15,1.0,1.0
35,cross_entropy,0,0.05,0.063383,0.115322
35,cross_entropy,0,0.075,0.061406,0.136979
35,cross_entropy,0,0.1,0.06691,0.130259
35,cross_entropy,0,0.15,0.069574,0.121821
35,auc,1,0.05,0.0,0.0
35,auc,1,0.075,0.0,0.0
35,auc,1,0.1,0.0,0.0
35,auc,1,0.15,0.0,0.0
35,accuracy,1,0.05,1.0,1.0
35,accuracy,1,0.075,1.0,1.0
35,accuracy,1,0.1,1.0,1.0
35,accuracy,1,0.15,1.0,1.0
35,cross_entropy,1,0.05,0.064316,0.113506
35,cross_entropy,1,0.075,0.059862,0.121049
35,cross_entropy,1,0.1,0.063481,0.129239
35,cross_entropy,1,0.15,0.066805,0.114825
36,auc,0,0.05,0.0,0.0
36,auc,0,0.075,0.0,0.0
36,auc,0,0.1,0.0,0.0
36,auc,0,0.15,0.0,0.0
36,accuracy,0,0.05,1.0,1.0
36,accuracy,0,0.075,1.0,1.0
36,accuracy,0,0.1,1.0,1.0
36,accuracy,0,0.15,1.0,1.0
36,cross_entropy,0,0.05,0.081081,0.095542
36,cross_entropy,0,0.075,0.074952,0.10387
36,cross_entropy,0,0.1,0.075303,0.103374
36,cross_entropy,0,0.15,0.067327,0.11246
36,auc,1,0.05,0.0,0.0
36,auc,1,0.075,0.0,0.0
36,auc,1,0.1,0.0,0.0
36,auc,1,0.15,0.0,0.0
36,accuracy,1,0.05,1.0,1.0
36,accuracy,1,0.075,1.0,1.0
36,accuracy,1,0.1,1.0,1.0
36,accuracy,1,0.15,1.0,1.0
36,cross_entropy,1,0.05,0.078192,0.098665
36,cross_entropy,1,0.075,0.074871,0.102552
36,cross_entropy,1,0.1,0.073933,0.108918
36,cross_entropy,1,0.15,0.07014,0.113846
37,auc,0,0.05,0.0,0.0
37,auc,0,0.075,0.0,0.0
37,auc,0,0.1,0.0,0.0
37,auc,0,0.15,0.0,0.0
37,accuracy,0,0.05,1.0,1.0
37,accuracy,0,0.075,1.0,1.0
37,accuracy,0,0.1,1.0,1.0
37,accuracy,0,0.15,1.0,1.0
37,cross_entropy,0,0.05,0.059875,0.060586
37,cross_entropy,0,0.075,0.061774,0.059655
37,cross_entropy,0,0.1,0.061941,0.057074
37,cross_entropy,0,0.15,0.067487,0.050111
37,auc,1,0.05,0.0,0.0
37,auc,1,0.075,0.0,0.0
37,auc,1,0.1,0.0,0.0
37,auc,1,0.15,0.0,0.0
37,accuracy,1,0.05,1.0,1.0
37,accuracy,1,0.075,1.0,1.0
37,accuracy,1,0.1,1.0,1.0
37,accuracy,1,0.15,1.0,1.0
37,cross_entropy,1,0.05,0.0607,0.060908
37,cross_entropy,1,0.075,0.064576,0.057835
37,cross_entropy,1,0.1,0.064932,0.054777
37,cross_entropy,1,0.15,0.069195,0.049611
38,auc,0,0.05,0.0,0.0
38,auc,0,0.075,0.0,0.0
38,auc,0,0.1,0.0,0.0
38,auc,0,0.15,0.0,0.0
38,accuracy,0,0.05,1.0,1.0
38,accuracy,0,0.075,1.0,1.0
38,accuracy,0,0.1,1.0,1.0
38,accuracy,0,0.15,1.0,1.0
38,cross_entropy,0,0.05,0.062854,0.071306
38,cross_entropy,0,0.075,0.06018,0.079414
38,cross_entropy,0,0.1,0.055812,0.08335
38,cross_entropy,0,0.15,0.053999,0.094798
38,auc,1,0.05,0.0,0.0
38,auc,1,0.075,0.0,0.0
38,auc,1,0.1,0.0,0.0
38,auc,1,0.15,0.0,0.0
38,accuracy,1,0.05,1.0,1.0
38,accuracy,1,0.075,1.0,1.0
38,accuracy,1,0.1,1.0,1.0
38,accuracy,1,0.15,1.0,1.0
38,cross_entropy,1,0.05,0.061491,0.075773
38,cross_entropy,1,0.075,0.057765,0.082086
38,cross_entropy,1,0.1,0.058042,0.083496
38,cross_entropy,1,0.15,0.055632,0.094466
39,auc,0,0.05,0.0,0.0
39,auc,0,0.075,0.0,0.0
39,auc,0,0.1,0.0,0.0
39,auc,0,0.15,0.0,0.0
39,accuracy,0,0.05,1.0,1.0
39,accuracy,0,0.075,1.0,1.0
39,accuracy,0,0.1,1.0,0.9375
39,accuracy,0,0.15,1.0,0.9375
39,cross_entropy,0,0.05,0.064955,0.116014
39,cross_entropy,0,0.075,0.058892,0.127401
39,cross_entropy,0,0.1,0.054898,0.168006
39,cross_entropy,0,0.15,0.056025,0.173065
39,auc,1,0.05,0.0,0.0
39,auc,1,0.075,0.0,0.0
39,auc,1,0.1,0.0,0.0
39,auc,1,0.15,0.0,0.0
39,accuracy,1,0.05,1.0,1.0
39,accuracy,1,0.075,1.0,1.0
39,accuracy,1,0.1,1.0,0.9375
39,accuracy,1,0.15,1.0,0.9375
39,cross_entropy,1,0.05,0.064183,0.118762
39,cross_entropy,1,0.075,0.058874,0.130032
39,cross_entropy,1,0.1,0.053485,0.174466
39,cross_entropy,1,0.15,0.055786,0.18112
40,auc,0,0.05,1.0,1.0
40,auc,0,0.075,1.0,1.0
40,auc,0,0.1,1.0,1.0
40,auc,0,0.15,1.0,1.0
40,accuracy,0,0.05,1.0,0.9375
40,accuracy,0,0.075,1.0,0.9375
40,accuracy,0,0.1,1.0,1.0
40,accuracy,0,0.15,1.0,1.0
40,cross_entropy,0,0.05,0.081796,0.140269
40,cross_entropy,0,0.075,0.082985,0.115807
40,cross_entropy,0,0.1,0.084331,0.080903
40,cross_entropy,0,0.15,0.099555,0.077663
40,auc,1,0.05,1.0,1.0
40,auc,1,0.075,1.0,1.0
40,auc,1,0.1,1.0,1.0
40,auc,1,0.15,1.0,1.0
40,accuracy,1,0.05,1.0,0.9375
40,accuracy,1,0.075,1.0,1.0
40,accuracy,1,0.1,1.0,1.0
40,accuracy,1,0.15,1.0,1.0
40,cross_entropy,1,0.05,0.080105,0.143606
40,cross_entropy,1,0.075,0.083096,0.091572
40,cross_entropy,1,0.1,0.090073,0.079803
40,cross_entropy,1,0.15,0.096023,0.077979
41,auc,0,0.05,0.8,1.0
41,auc,0,0.075,0.466667,1.0
41,auc,0,0.1,0.2,1.0
41,auc,0,0.15,0.133333,1.0
41,accuracy,0,0.05,0.9375,0.9375
41,accuracy,0,0.075,0.9375,0.9375
41,accuracy,0,0.1,0.9375,0.9375
41,accuracy,0,0.15,0.9375,0.9375
41,cross_entropy,0,0.05,0.222207,0.162574
41,cross_entropy,0,0.075,0.249783,0.140026
41,cross_entropy,0,0.1,0.267232,0.129289
41,cross_entropy,0,0.15,0.273051,0.129969
41,auc,1,0.05,0.733333,1.0
41,auc,1,0.075,0.333333,1.0
41,auc,1,0.1,0.333333,1.0
41,auc,1,0.15,0.066667,1.0
41,accuracy,1,0.05,0.9375,0.9375
41,accuracy,1,0.075,0.9375,0.9375
41,accuracy,1,0.1,0.9375,0.9375
41,accuracy,1,0.15,0.9375,0.9375
41,cross_entropy,1,0.05,0.22694,0.149106
41,cross_entropy,1,0.075,0.256496,0.14227
41,cross_entropy,1,0.1,0.259198,0.131762
41,cross_entropy,1,0.15,0.277214,0.130053
42,auc,0,0.05,0.0,0.0
42,auc,0,0.075,0.0,0.0
42,auc,0,0.1,0.0,0.0
42,auc,0,0.15,0.0,0.0
42,accuracy,0,0.05,1.0,1.0
42,accuracy,0,0.075,1.0,1.0
42,accuracy,0,0.1,1.0,1.0
42,accuracy,0,0.15,1.0,1.0
42,cross_entropy,0,0.05,0.064916,0.057093
42,cross_entropy,0,0.075,0.061662,0.063422
42,cross_entropy,0,0.1,0.056324,0.066765
42,cross_entropy,0,0.15,0.05508,0.068566
42,auc,1,0.05,0.0,0.0
42,auc,1,0.075,0.0,0.0
42,auc,1,0.1,0.0,0.0
42,auc,1,0.15,0.0,0.0
42,accuracy,1,0.05,1.0,1.0
42,accuracy,1,0.075,1.0,1.0
42,accuracy,1,0.1,1.0,1.0
42,accuracy,1,0.15,1.0,1.0
42,cross_entropy,1,0.05,0.067666,0.054544
42,cross_entropy,1,0.075,0.059716,0.060376
42,cross_entropy,1,0.1,0.057672,0.063442
42,cross_entropy,1,0.15,0.052699,0.070908
43,auc,0,0.05,0.0,0.0
43,auc,0,0.075,0.0,0.0
43,auc,0,0.1,0.0,0.0
43,auc,0,0.15,0.0,0.0
43,accuracy,0,0.05,1.0,1.0
43,accuracy,0,0.075,1.0,1.0
43,accuracy,0,0.1,1.0,1.0
43,accuracy,0,0.15,1.0,1.0
43,cross_entropy,0,0.05,0.045656,0.068234
43,cross_entropy,0,0.075,0.046739,0.066411
43,cross_entropy,0,0.1,0.049676,0.063868
43,cross_entropy,0,0.15,0.055456,0.058075
43,auc,1,0.05,0.0,0.0
43,auc,1,0.075,0.0,0.0
43,auc,1,0.1,0.0,0.0
43,auc,1,0.15,0.0,0.0
43,accuracy,1,0.05,1.0,1.0
43,accuracy,1,0.075,1.0,1.0
43,accuracy,1,0.1,1.0,1.0
43,accuracy,1,0.15,1.0,1.0
43,cross_entropy,1,0.05,0.044177,0.07073
43,cross_entropy,1,0.075,0.047719,0.063361
43,cross_entropy,1,0.1,0.048793,0.061521
43,cross_entropy,1,0.15,0.054388,0.056254
44,auc,0,0.05,0.0,0.0
44,auc,0,0.075,0.0,0.0
44,auc,0,0.1,0.0,0.0
44,auc,0,0.15,0.0,0.0
44,accuracy,0,0.05,1.0,1.0
44,accuracy,0,0.075,1.0,1.0
44,accuracy,0,0.1,1.0,1.0
44,accuracy,0,0.15,1.0,1.0
44,cross_entropy,0,0.05,0.086822,0.097996
44,cross_entropy,0,0.075,0.083795,0.10387
44,cross_entropy,0,0.1,0.07907,0.107119
44,cross_entropy,0,0.15,0.073249,0.124972
44,auc,1,0.05,0.0,0.0
44,auc,1,0.075,0.0,0.0
44,auc,1,0.1,0.0,0.0
44,auc,1,0.15,0.0,0.0
44,accuracy,1,0.05,1.0,1.0
44,accuracy,1,0.075,1.0,1.0
44,accuracy,1,0.1,1.0,1.0
44,accuracy,1,0.15,1.0,1.0
44,cross_entropy,1,0.05,0.087382,0.093737
44,cross_entropy,1,0.075,0.078831,0.102321
44,cross_entropy,1,0.1,0.075715,0.114294
44,cross_entropy,1,0.15,0.080878,0.11848
45,auc,0,0.05,0.0,0.0
45,auc,0,0.075,0.0,0.0
45,auc,0,0.1,0.0,0.0
45,auc,0,0.15,0.0,0.0
45,accuracy,0,0.05,1.0,1.0
45,accuracy,0,0.075,1.0,1.0
45,accuracy,0,0.1,1.0,1.0
45,accuracy,0,0.15,1.0,1.0
45,cross_entropy,0,0.05,0.076232,0.055391
45,cross_entropy,0,0.075,0.073857,0.054842
45,cross_entropy,0,0.1,0.071182,0.055079
45,cross_entropy,0,0.15,0.081978,0.055669
45,auc,1,0.05,0.0,0.0
45,auc,1,0.075,0.0,0.0
45,auc,1,0.1,0.0,0.0
45,auc,1,0.15,0.0,0.0
45,accuracy,1,0.05,1.0,1.0
45,accuracy,1,0.075,1.0,1.0
45,accuracy,1,0.1,1.0,1.0
45,accuracy,1,0.15,1.0,1.0
45,cross_entropy,1,0.05,0.072004,0.055989
45,cross_entropy,1,0.075,0.072486,0.055493
45,cross_entropy,1,0.1,0.069492,0.056819
45,cross_entropy,1,0.15,0.076296,0.055789
46,auc,0,0.05,0.0,0.0
46,auc,0,0.075,0.0,0.0
46,auc,0,0.1,0.0,0.0
46,auc,0,0.15,0.0,0.0
46,accuracy,0,0.05,1.0,1.0
46,accuracy,0,0.075,1.0,1.0
46,accuracy,0,0.1,1.0,1.0
46,accuracy,0,0.15,1.0,1.0
46,cross_entropy,0,0.05,0.072798,0.101695
46,cross_entropy,0,0.075,0.071006,0.107199
46,cross_entropy,0,0.1,0.072049,0.108366
46,cross_entropy,0,0.15,0.066906,0.116053
46,auc,1,0.05,0.0,0.0
46,auc,1,0.075,0.0,0.0
46,auc,1,0.1,0.0,0.0
46,auc,1,0.15,0.0,0.0
46,accuracy,1,0.05,1.0,1.0
46,accuracy,1,0.075,1.0,1.0
46,accuracy,1,0.1,1.0,1.0
46,accuracy,1,0.15,1.0,1.0
46,cross_entropy,1,0.05,0.072168,0.099882
46,cross_entropy,1,0.075,0.072802,0.10869
46,cross_entropy,1,0.1,0.071778,0.112409
46,cross_entropy,1,0.15,0.067545,0.110017
47,auc,0,0.05,0.0,0.0
47,auc,0,0.075,0.0,0.0
47,auc,0,0.1,0.0,0.0
47,auc,0,0.15,0.0,0.0
47,accuracy,0,0.05,1.0,1.0
47,accuracy,0,0.075,1.0,1.0
47,accuracy,0,0.1,1.0,1.0
47,accuracy,0,0.15,1.0,1.0
47,cross_entropy,0,0.05,0.061561,0.064541
47,cross_entropy,0,0.075,0.06628,0.059546
47,cross_entropy,0,0.1,0.069016,0.059743
47,cross_entropy,0,0.15,0.066211,0.061084
47,auc,1,0.05,0.0,0.0
47,auc,1,0.075,0.0,0.0
47,auc,1,0.1,0.0,0.0
47,auc,1,0.15,0.0,0.0
47,accuracy,1,0.05,1.0,1.0
47,accuracy,1,0.075,1.0,1.0
47,accuracy,1,0.1,1.0,1.0
47,accuracy,1,0.15,1.0,1.0
47,cross_entropy,1,0.05,0.061966,0.064899
47,cross_entropy,1,0.075,0.063918,0.062559
47,cross_entropy,1,0.1,0.065728,0.062766
47,cross_entropy,1,0.15,0.066478,0.062328
48,auc,0,0.05,0.0,0.0
48,auc,0,0.075,0.0,0.0
48,auc,0,0.1,0.0,0.0
48,auc,0,0.15,0.0,0.0
48,accuracy,0,0.05,1.0,1.0
48,accuracy,0,0.075,1.0,1.0
48,accuracy,0,0.1,1.0,1.0
48,accuracy,0,0.15,1.0,1.0
48,cross_entropy,0,0.05,0.075756,0.061841
48,cross_entropy,0,0.075,0.077166,0.06281
48,cross_entropy,0,0.1,0.077194,0.064795
48,cross_entropy,0,0.15,0.070307,0.072662
48,auc,1,0.05,0.0,0.0
48,auc,1,0.075,0.0,0.0
48,auc,1,0.1,0.0,0.0
48,auc,1,0.15,0.0,0.0
48,accuracy,1,0.05,1.0,1.0
48,accuracy,1,0.075,1.0,1.0
48,accuracy,1,0.1,1.0,1.0
48,accuracy,1,0.15,1.0,1.0
48,cross_entropy,1,0.05,0.076639,0.059746
48,cross_entropy,1,0.075,0.0744,0.064245
48,cross_entropy,1,0.1,0.073593,0.066735
48,cross_entropy,1,0.15,0.072444,0.074241
49,auc,0,0.05,0.0,0.0
49,auc,0,0.075,0.0,0.0
49,auc,0,0.1,0.0,0.0
49,auc,0,0.15,0.0,0.0
49,accuracy,0,0.05,1.0,1.0
49,accuracy,0,0.075,1.0,1.0
49,accuracy,0,0.1,1.0,1.0
49,accuracy,0,0.15,1.0,1.0
49,cross_entropy,0,0.05,0.061665,0.090863
49,cross_entropy,0,0.075,0.063495,0.097914
49,cross_entropy,0,0.1,0.062873,0.105776
49,cross_entropy,0,0.15,0.058484,0.106371
49,auc,1,0.05,0.0,0.0
49,auc,1,0.075,0.0,0.0
49,auc,1,0.1,0.0,0.0
49,auc,1,0.15,0.0,0.0
49,accuracy,1,0.05,1.0,1.0
49,accuracy,1,0.075,1.0,1.0
49,accuracy,1,0.1,1.0,1.0
49,accuracy,1,0.15,1.0,1.0
49,cross_entropy,1,0.05,0.063735,0.085184
49,cross_entropy,1,0.075,0.063362,0.094731
49,cross_entropy,1,0.1,0.060517,0.105106
49,cross_entropy,1,0.15,0.062898,0.102779
50,auc,0,0.05,0.0,0.0
50,auc,0,0.075,0.0,0.0
50,auc,0,0.1,0.0,0.0
50,auc,0,0.15,0.0,0.0
50,accuracy,0,0.05,1.0,1.0
50,accuracy,0,0.075,1.0,1.0
50,accuracy,0,0.1,1.0,1.0
50,accuracy,0,0.15,1.0,1.0
50,cross_entropy,0,0.05,0.069645,0.06891
50,cross_entropy,0,0.075,0.070599,0.069712
50,cross_entropy,0,0.1,0.071406,0.073236
50,cross_entropy,0,0.15,0.067777,0.089206
50,auc,1,0.05,0.0,0.0
50,auc,1,0.075,0.0,0.0
50,auc,1,0.1,0.0,0.0
50,auc,1,0.15,0.0,0.0
50,accuracy,1,0.05,1.0,1.0
50,accuracy,1,0.075,1.0,1.0
50,accuracy,1,0.1,1.0,1.0
50,accuracy,1,0.15,1.0,1.0
50,cross_entropy,1,0.05,0.06783,0.07034
50,cross_entropy,1,0.075,0.06879,0.071334
50,cross_entropy,1,0.1,0.069099,0.072019
50,cross_entropy,1,0.15,0.066461,0.08878
51,auc,0,0.05,0.933333,1.0
51,auc,0,0.075,0.8,1.0
51,auc,0,0.1,0.533333,1.0
51,auc,0,0.15,0.266667,1.0
51,accuracy,0,0.05,0.9375,0.9375
51,accuracy,0,0.075,0.9375,1.0
51,accuracy,0,0.1,0.9375,1.0
51,accuracy,0,0.15,0.9375,1.0
51,cross_entropy,0,0.05,0.198592,0.106335
51,cross_entropy,0,0.075,0.223124,0.09644
51,cross_entropy,0,0.1,0.242238,0.083791
51,cross_entropy,0,0.15,0.257712,0.077517
51,auc,1,0.05,1.0,1.0
51,auc,1,0.075,0.933333,1.0
51,auc,1,0.1,0.533333,1.0
51,auc,1,0.15,0.333333,1.0
51,accuracy,1,0.05,0.9375,0.9375
51,accuracy,1,0.075,0.9375,0.9375
51,accuracy,1,0.1,0.9375,1.0
51,accuracy,1,0.15,0.9375,1.0
51,cross_entropy,1,0.05,0.182184,0.117281
51,cross_entropy,1,0.075,0.218616,0.097174
51,cross_entropy,1,0.1,0.236015,0.086054
51,cross_entropy,1,0.15,0.252495,0.077724
52,auc,0,0.05,1.0,1.0
52,auc,0,0.075,1.0,1.0
52,auc,0,0.1,1.0,1.0
52,auc,0,0.15,1.0,1.0
52,accuracy,0,0.05,0.9375,0.9375
52,accuracy,0,0.075,0.9375,0.9375
52,accuracy,0,0.1,0.9375,0.9375
52,accuracy,0,0.15,0.9375,1.0
52,cross_entropy,0,0.05,0.125927,0.161293
52,cross_entropy,0,0.075,0.144334,0.139593
52,cross_entropy,0,0.1,0.145115,0.142043
52,cross_entropy,0,0.15,0.180313,0.123145
52,auc,1,0.05,1.0,1.0
52,auc,1,0.075,1.0,1.0
52,auc,1,0.1,1.0,1.0
52,auc,1,0.15,1.0,1.0
52,accuracy,1,0.05,0.9375,0.9375
52,accuracy,1,0.075,0.9375,0.9375
52,accuracy,1,0.1,0.9375,0.9375
52,accuracy,1,0.15,0.9375,1.0
52,cross_entropy,1,0.05,0.122372,0.166472
52,cross_entropy,1,0.075,0.127445,0.14859
52,cross_entropy,1,0.1,0.141496,0.136557
52,cross_entropy,1,0.15,0.171879,0.129446
53,auc,0,0.05,0.0,0.0
53,auc,0,0.075,0.0,0.0
53,auc,0,0.1,0.0,0.0
53,auc,0,0.15,0.0,0.0
53,accuracy,0,0.05,1.0,1.0
53,accuracy,0,0.075,1.0,1.0
53,accuracy,0,0.1,1.0,1.0
53,accuracy,0,0.15,1.0,1.0
53,cross_entropy,0,0.05,0.065779,0.071277
53,cross_entropy,0,0.075,0.061304,0.073656
53,cross_entropy,0,0.1,0.059683,0.081433
53,cross_entropy,0,0.15,0.053916,0.095566
53,auc,1,0.05,0.0,0.0
53,auc,1,0.075,0.0,0.0
53,auc,1,0.1,0.0,0.0
53,auc,1,0.15,0.0,0.0
53,accuracy,1,0.05,1.0,1.0
53,accuracy,1,0.075,1.0,1.0
53,accuracy,1,0.1,1.0,1.0
53,accuracy,1,0.15,1.0,1.0
53,cross_entropy,1,0.05,0.063203,0.070567
53,cross_entropy,1,0.075,0.059674,0.074699
53,cross_entropy,1,0.1,0.056863,0.081284
53,cross_entropy,1,0.15,0.053903,0.09748
54,auc,0,0.05,0.0,0.0
54,auc,0,0.075,0.0,0.0
54,auc,0,0.1,0.0,0.0
54,auc,0,0.15,0.0,0.0
54,accuracy,0,0.05,1.0,1.0
54,accuracy,0,0.075,1.0,1.0
54,accuracy,0,0.1,1.0,1.0
54,accuracy,0,0.15,1.0,1.0
54,cross_entropy,0,0.05,0.084019,0.081565
54,cross_entropy,0,0.075,0.085682,0.084017
54,cross_entropy,0,0.1,0.081603,0.09219
54,cross_entropy,0,0.15,0.08279,0.091971
54,auc,1,0.05,0.0,0.0
54,auc,1,0.075,0.0,0.0
54,auc,1,0.1,0.0,0.0
54,auc,1,0.15,0.0,0.0
54,accuracy,1,0.05,1.0,1.0
54,accuracy,1,0.075,1.0,1.0
54,accuracy,1,0.1,1.0,1.0
54,accuracy,1,0.15,1.0,1.0
54,cross_entropy,1,0.05,0.080637,0.082301
54,cross_entropy,1,0.075,0.081429,0.083986
54,cross_entropy,1,0.1,0.080161,0.092515
54,cross_entropy,1,0.15,0.083645,0.09121
55,auc,0,0.05,0.0,0.0
55,auc,0,0.075,0.0,0.0
55,auc,0,0.1,0.0,0.0
55,auc,0,0.15,0.0,0.0
55,accuracy,0,0.05,1.0,1.0
55,accuracy,0,0.075,1.0,1.0
55,accuracy,0,0.1,1.0,1.0
55,accuracy,0,0.15,1.0,1.0
55,cross_entropy,0,0.05,0.073189,0.090442
55,cross_entropy,0,0.075,0.06966,0.099457
55,cross_entropy,0,0.1,0.069411,0.104959
55,cross_entropy,0,0.15,0.066401,0.11923
55,auc,1,0.05,0.0,0.0
55,auc,1,0.075,0.0,0.0
55,auc,1,0.1,0.0,0.0
55,auc,1,0.15,0.0,0.0
55,accuracy,1,0.05,1.0,1.0
55,accuracy,1,0.075,1.0,1.0
55,accuracy,1,0.1,1.0,1.0
55,accuracy,1,0.15,1.0,1.0
55,cross_entropy,1,0.05,0.069687,0.095349
55,cross_entropy,1,0.075,0.068385,0.104851
55,cross_entropy,1,0.1,0.065887,0.112272
55,cross_entropy,1,0.15,0.067771,0.114244
56,auc,0,0.05,0.0,0.0
56,auc,0,0.075,0.0,0.0
56,auc,0,0.1,0.0,0.0
56,auc,0,0.15,0.0,0.0
56,accuracy,0,0.05,1.0,1.0
56,accuracy,0,0.075,1.0,1.0
56,accuracy,0,0.1,1.0,1.0
56,accuracy,0,0.15,1.0,1.0
56,cross_entropy,0,0.05,0.071434,0.101655
56,cross_entropy,0,0.075,0.073416,0.101616
56,cross_entropy,0,0.1,0.07063,0.110995
56,cross_entropy,0,0.15,0.072758,0.095336
56,auc,1,0.05,0.0,0.0
56,auc,1,0.075,0.0,0.0
56,auc,1,0.1,0.0,0.0
56,auc,1,0.15,0.0,0.0
56,accuracy,1,0.05,1.0,1.0
56,accuracy,1,0.075,1.0,1.0
56,accuracy,1,0.1,1.0,1.0
56,accuracy,1,0.15,1.0,1.0
56,cross_entropy,1,0.05,0.071166,0.096775
56,cross_entropy,1,0.075,0.073916,0.099371
56,cross_entropy,1,0.1,0.070274,0.109224
56,cross_entropy,1,0.15,0.073463,0.104348
57,auc,0,0.05,0.0,0.0
57,auc,0,0.075,0.0,0.0
57,auc,0,0.1,0.0,0.0
57,auc,0,0.15,0.0,0.0
57,accuracy,0,0.05,1.0,1.0
57,accuracy,0,0.075,1.0,1.0
57,accuracy,0,0.1,1.0,1.0
57,accuracy,0,0.15,1.0,1.0
57,cross_entropy,0,0.05,0.071698,0.08016
57,cross_entropy,0,0.075,0.072938,0.083679
57,cross_entropy,0,0.1,0.065965,0.093774
57,cross_entropy,0,0.15,0.075723,0.094145
57,auc,1,0.05,0.0,0.0
57,auc,1,0.075,0.0,0.0
57,auc,1,0.1,0.0,0.0
57,auc,1,0.15,0.0,0.0
57,accuracy,1,0.05,1.0,1.0
57,accuracy,1,0.075,1.0,1.0
57,accuracy,1,0.1,1.0,1.0
57,accuracy,1,0.15,1.0,1.0
57,cross_entropy,1,0.05,0.076555,0.083774
57,cross_entropy,1,0.075,0.071697,0.083508
57,cross_entropy,1,0.1,0.079884,0.084347
57,cross_entropy,1,0.15,0.065428,0.099112
58,auc,0,0.05,0.0,0.0
58,auc,0,0.075,0.0,0.0
58,auc,0,0.1,0.0,0.0
58,auc,0,0.15,0.0,0.0
58,accuracy,0,0.05,1.0,1.0
58,accuracy,0,0.075,1.0,1.0
58,accuracy,0,0.1,1.0,1.0
58,accuracy,0,0.15,1.0,1.0
58,cross_entropy,0,0.05,0.077797,0.072624
58,cross_entropy,0,0.075,0.076913,0.082683
58,cross_entropy,0,0.1,0.073335,0.092321
58,cross_entropy,0,0.15,0.072197,0.097416
58,auc,1,0.05,0.0,0.0
58,auc,1,0.075,0.0,0.0
58,auc,1,0.1,0.0,0.0
58,auc,1,0.15,0.0,0.0
58,accuracy,1,0.05,1.0,1.0
58,accuracy,1,0.075,1.0,1.0
58,accuracy,1,0.1,1.0,1.0
58,accuracy,1,0.15,1.0,1.0
58,cross_entropy,1,0.05,0.078606,0.072763
58,cross_entropy,1,0.075,0.079925,0.085167
58,cross_entropy,1,0.1,0.075666,0.092015
58,cross_entropy,1,0.15,0.069825,0.098833
59,auc,0,0.05,0.0,0.0
59,auc,0,0.075,0.0,0.0
59,auc,0,0.1,0.0,0.0
59,auc,0,0.15,0.0,0.0
59,accuracy,0,0.05,1.0,1.0
59,accuracy,0,0.075,1.0,1.0
59,accuracy,0,0.1,1.0,1.0
59,accuracy,0,0.15,1.0,1.0
59,cross_entropy,0,0.05,0.073099,0.075916
59,cross_entropy,0,0.075,0.070922,0.078917
59,cross_entropy,0,0.1,0.072614,0.075664
59,cross_entropy,0,0.15,0.069777,0.084115
59,auc,1,0.05,0.0,0.0
59,auc,1,0.075,0.0,0.0
59,auc,1,0.1,0.0,0.0
59,auc,1,0.15,0.0,0.0
59,accuracy,1,0.05,1.0,1.0
59,accuracy,1,0.075,1.0,1.0
59,accuracy,1,0.1,1.0,1.0
59,accuracy,1,0.15,1.0,1.0
59,cross_entropy,1,0.05,0.072369,0.076696
59,cross_entropy,1,0.075,0.0708,0.077847
59,cross_entropy,1,0.1,0.074247,0.077779
59,cross_entropy,1,0.15,0.074024,0.079579
60,auc,0,0.05,0.0,0.0
60,auc,0,0.075,0.0,0.0
60,auc,0,0.1,0.0,0.0
60,auc,0,0.15,0.0,0.0
60,accuracy,0,0.05,1.0,1.0
60,accuracy,0,0.075,1.0,1.0
60,accuracy,0,0.1,1.0,1.0
60,accuracy,0,0.15,1.0,1.0
60,cross_entropy,0,0.05,0.066583,0.09318
60,cross_entropy,0,0.075,0.067933,0.102964
60,cross_entropy,0,0.1,0.068192,0.113409
60,cross_entropy,0,0.15,0.065456,0.140172
60,auc,1,0.05,0.0,0.0
60,auc,1,0.075,0.0,0.0
60,auc,1,0.1,0.0,0.0
60,auc,1,0.15,0.0,0.0
60,accuracy,1,0.05,1.0,1.0
60,accuracy,1,0.075,1.0,1.0
60,accuracy,1,0.1,1.0,1.0
60,accuracy,1,0.15,1.0,0.9375
60,cross_entropy,1,0.05,0.065318,0.097555
60,cross_entropy,1,0.075,0.063757,0.106619
60,cross_entropy,1,0.1,0.06252,0.120376
60,cross_entropy,1,0.15,0.069345,0.140503
61,auc,0,0.05,0.964286,0.821429
61,auc,0,0.075,0.928571,0.821429
61,auc,0,0.1,0.892857,0.785714
61,auc,0,0.15,0.714286,0.821429
61,accuracy,0,0.05,0.9375,0.9375
61,accuracy,0,0.075,0.875,0.9375
61,accuracy,0,0.1,0.875,0.9375
61,accuracy,0,0.15,0.875,0.9375
61,cross_entropy,0,0.05,0.246868,0.271536
61,cross_entropy,0,0.075,0.271498,0.249196
61,cross_entropy,0,0.1,0.298263,0.256668
61,cross_entropy,0,0.15,0.36055,0.229865
61,auc,1,0.05,0.964286,0.785714
61,auc,1,0.075,0.892857,0.821429
61,auc,1,0.1,0.892857,0.821429
61,auc,1,0.15,0.678571,0.857143
61,accuracy,1,0.05,0.875,0.9375
61,accuracy,1,0.075,0.875,0.9375
61,accuracy,1,0.1,0.875,0.9375
61,accuracy,1,0.15,0.875,0.9375
61,cross_entropy,1,0.05,0.25599,0.260931
61,cross_entropy,1,0.075,0.282657,0.239396
61,cross_entropy,1,0.1,0.308961,0.253583
61,cross_entropy,1,0.15,0.382904,0.232814
62,auc,0,0.05,1.0,0.933333
62,auc,0,0.075,0.933333,0.866667
62,auc,0,0.1,0.866667,0.866667
62,auc,0,0.15,0.8,1.0
62,accuracy,0,0.05,0.9375,0.9375
62,accuracy,0,0.075,0.9375,0.9375
62,accuracy,0,0.1,0.9375,0.9375
62,accuracy,0,0.15,0.9375,0.9375
62,cross_entropy,0,0.05,0.165619,0.190035
62,cross_entropy,0,0.075,0.185929,0.176959
62,cross_entropy,0,0.1,0.196844,0.167395
62,cross_entropy,0,0.15,0.2125,0.149926
62,auc,1,0.05,1.0,0.933333
62,auc,1,0.075,0.933333,1.0
62,auc,1,0.1,0.8,1.0
62,auc,1,0.15,0.866667,1.0
62,accuracy,1,0.05,0.9375,0.9375
62,accuracy,1,0.075,0.9375,0.9375
62,accuracy,1,0.1,0.9375,0.9375
62,accuracy,1,0.15,0.9375,0.9375
62,cross_entropy,1,0.05,0.159387,0.190645
62,cross_entropy,1,0.075,0.189989,0.165447
62,cross_entropy,1,0.1,0.200851,0.155095
62,cross_entropy,1,0.15,0.199822,0.160096
63,auc,0,0.05,1.0,1.0
63,auc,0,0.075,1.0,1.0
63,auc,0,0.1,1.0,1.0
63,auc,0,0.15,1.0,1.0
63,accuracy,0,0.05,0.9375,0.9375
63,accuracy,0,0.075,0.9375,1.0
63,accuracy,0,0.1,0.9375,1.0
63,accuracy,0,0.15,0.9375,1.0
63,cross_entropy,0,0.05,0.124301,0.11068
63,cross_entropy,0,0.075,0.132984,0.080108
63,cross_entropy,0,0.1,0.153009,0.072721
63,cross_entropy,0,0.15,0.16729,0.06852
63,auc,1,0.05,1.0,1.0
63,auc,1,0.075,1.0,1.0
63,auc,1,0.1,1.0,1.0
63,auc,1,0.15,1.0,1.0
63,accuracy,1,0.05,0.9375,1.0
63,accuracy,1,0.075,0.9375,1.0
63,accuracy,1,0.1,0.9375,1.0
63,accuracy,1,0.15,0.9375,1.0
63,cross_entropy,1,0.05,0.129721,0.081792
63,cross_entropy,1,0.075,0.138776,0.080338
63,cross_entropy,1,0.1,0.151414,0.069341
63,cross_entropy,1,0.15,0.170705,0.064379
64,auc,0,0.05,1.0,1.0
64,auc,0,0.075,1.0,1.0
64,auc,0,0.1,1.0,1.0
64,auc,0,0.15,1.0,1.0
64,accuracy,0,0.05,0.9375,0.9375
64,accuracy,0,0.075,0.9375,1.0
64,accuracy,0,0.1,0.9375,1.0
64,accuracy,0,0.15,0.9375,1.0
64,cross_entropy,0,0.05,0.136465,0.106507
64,cross_entropy,0,0.075,0.153342,0.07556
64,cross_entropy,0,0.1,0.160441,0.067486
64,cross_entropy,0,0.15,0.169961,0.073272
64,auc,1,0.05,1.0,1.0
64,auc,1,0.075,1.0,1.0
64,auc,1,0.1,1.0,1.0
64,auc,1,0.15,1.0,1.0
64,accuracy,1,0.05,0.9375,0.9375
64,accuracy,1,0.075,0.9375,1.0
64,accuracy,1,0.1,0.9375,1.0
64,accuracy,1,0.15,0.9375,1.0
64,cross_entropy,1,0.05,0.136037,0.108675
64,cross_entropy,1,0.075,0.151124,0.075745
64,cross_entropy,1,0.1,0.155551,0.071723
64,cross_entropy,1,0.15,0.161371,0.072802
65,auc,0,0.05,0.8,1.0
65,auc,0,0.075,0.666667,1.0
65,auc,0,0.1,0.666667,1.0
65,auc,0,0.15,0.266667,1.0
65,accuracy,0,0.05,0.9375,0.9375
65,accuracy,0,0.075,0.9375,0.9375
65,accuracy,0,0.1,0.9375,0.9375
65,accuracy,0,0.15,0.9375,1.0
65,cross_entropy,0,0.05,0.219819,0.15423
65,cross_entropy,0,0.075,0.233711,0.141313
65,cross_entropy,0,0.1,0.24092,0.136845
65,cross_entropy,0,0.15,0.263208,0.121135
65,auc,1,0.05,0.8,1.0
65,auc,1,0.075,0.666667,1.0
65,auc,1,0.1,0.6,1.0
65,auc,1,0.15,0.266667,1.0
65,accuracy,1,0.05,0.9375,0.9375
65,accuracy,1,0.075,0.9375,0.9375
65,accuracy,1,0.1,0.9375,0.9375
65,accuracy,1,0.15,0.9375,1.0
65,cross_entropy,1,0.05,0.216613,0.158978
65,cross_entropy,1,0.075,0.232653,0.140767
65,cross_entropy,1,0.1,0.24187,0.134708
65,cross_entropy,1,0.15,0.265766,0.115556
66,auc,0,0.05,0.0,0.0
66,auc,0,0.075,0.0,0.0
66,auc,0,0.1,0.0,0.0
66,auc,0,0.15,0.0,0.0
66,accuracy,0,0.05,1.0,1.0
66,accuracy,0,0.075,1.0,1.0
66,accuracy,0,0.1,1.0,1.0
66,accuracy,0,0.15,1.0,1.0
66,cross_entropy,0,0.05,0.077639,0.072336
66,cross_entropy,0,0.075,0.079227,0.07855
66,cross_entropy,0,0.1,0.078076,0.086202
66,cross_entropy,0,0.15,0.077735,0.101504
66,auc,1,0.05,0.0,0.0
66,auc,1,0.075,0.0,0.0
66,auc,1,0.1,0.0,0.0
66,auc,1,0.15,0.0,0.0
66,accuracy,1,0.05,1.0,1.0
66,accuracy,1,0.075,1.0,1.0
66,accuracy,1,0.1,1.0,1.0
66,accuracy,1,0.15,1.0,1.0
66,cross_entropy,1,0.05,0.081082,0.072644
66,cross_entropy,1,0.075,0.081366,0.076597
66,cross_entropy,1,0.1,0.081038,0.083859
66,cross_entropy,1,0.15,0.077366,0.09633
67,auc,0,0.05,1.0,1.0
67,auc,0,0.075,0.933333,1.0
67,auc,0,0.1,0.866667,1.0
67,auc,0,0.15,0.8,1.0
67,accuracy,0,0.05,0.9375,0.9375
67,accuracy,0,0.075,0.9375,0.9375
67,accuracy,0,0.1,0.9375,1.0
67,accuracy,0,0.15,0.9375,1.0
67,cross_entropy,0,0.05,0.171606,0.135447
67,cross_entropy,0,0.075,0.185201,0.115791
67,cross_entropy,0,0.1,0.209645,0.094378
67,cross_entropy,0,0.15,0.221937,0.089583
67,auc,1,0.05,1.0,1.0
67,auc,1,0.075,0.933333,1.0
67,auc,1,0.1,0.866667,1.0
67,auc,1,0.15,0.8,1.0
67,accuracy,1,0.05,0.9375,0.9375
67,accuracy,1,0.075,0.9375,0.9375
67,accuracy,1,0.1,0.9375,0.9375
67,accuracy,1,0.15,0.9375,1.0
67,cross_entropy,1,0.05,0.163219,0.148656
67,cross_entropy,1,0.075,0.188514,0.135597
67,cross_entropy,1,0.1,0.204694,0.113248
67,cross_entropy,1,0.15,0.226135,0.08635
68,auc,0,0.05,0.933333,1.0
68,auc,0,0.075,0.666667,1.0
68,auc,0,0.1,0.4,1.0
68,auc,0,0.15,0.266667,1.0
68,accuracy,0,0.05,0.9375,0.9375
68,accuracy,0,0.075,0.9375,1.0
68,accuracy,0,0.1,0.9375,1.0
68,accuracy,0,0.15,0.9375,1.0
68,cross_entropy,0,0.05,0.198707,0.124801
68,cross_entropy,0,0.075,0.234383,0.097959
68,cross_entropy,0,0.1,0.254746,0.087721
68,cross_entropy,0,0.15,0.269148,0.085097
68,auc,1,0.05,0.933333,1.0
68,auc,1,0.075,0.666667,1.0
68,auc,1,0.1,0.4,1.0
68,auc,1,0.15,0.333333,1.0
68,accuracy,1,0.05,0.9375,0.9375
68,accuracy,1,0.075,0.9375,1.0
68,accuracy,1,0.1,0.9375,1.0
68,accuracy,1,0.15,0.9375,1.0
68,cross_entropy,1,0.05,0.2007,0.117884
68,cross_entropy,1,0.075,0.23207,0.096337
68,cross_entropy,1,0.1,0.250747,0.091379
68,cross_entropy,1,0.15,0.265976,0.087008
69,auc,0,0.05,0.0,0.0
69,auc,0,0.075,0.0,0.0
69,auc,0,0.1,0.0,0.0
69,auc,0,0.15,0.0,0.0
69,accuracy,0,0.05,1.0,1.0
69,accuracy,0,0.075,1.0,1.0
69,accuracy,0,0.1,1.0,1.0
69,accuracy,0,0.15,1.0,1.0
69,cross_entropy,0,0.05,0.061724,0.050558
69,cross_entropy,0,0.075,0.065503,0.051262
69,cross_entropy,0,0.1,0.067046,0.056166
69,cross_entropy,0,0.15,0.066179,0.065941
69,auc,1,0.05,0.0,0.0
69,auc,1,0.075,0.0,0.0
69,auc,1,0.1,0.0,0.0
69,auc,1,0.15,0.0,0.0
69,accuracy,1,0.05,1.0,1.0
69,accuracy,1,0.075,1.0,1.0
69,accuracy,1,0.1,1.0,1.0
69,accuracy,1,0.15,1.0,1.0
69,cross_entropy,1,0.05,0.061705,0.057031
69,cross_entropy,1,0.075,0.063112,0.056758
69,cross_entropy,1,0.1,0.066058,0.068078
69,cross_entropy,1,0.15,0.067983,0.065041
70,auc,0,0.05,0.0,0.0
70,auc,0,0.075,0.0,0.0
70,auc,0,0.1,0.0,0.0
70,auc,0,0.15,0.0,0.0
70,accuracy,0,0.05,1.0,1.0
70,accuracy,0,0.075,1.0,1.0
70,accuracy,0,0.1,1.0,1.0
70,accuracy,0,0.15,1.0,1.0
70,cross_entropy,0,0.05,0.071039,0.079701
70,cross_entropy,0,0.075,0.064675,0.094011
70,cross_entropy,0,0.1,0.063851,0.111624
70,cross_entropy,0,0.15,0.061565,0.107953
70,auc,1,0.05,0.0,0.0
70,auc,1,0.075,0.0,0.0
70,auc,1,0.1,0.0,0.0
70,auc,1,0.15,0.0,0.0
70,accuracy,1,0.05,1.0,1.0
70,accuracy,1,0.075,1.0,1.0
70,accuracy,1,0.1,1.0,1.0
70,accuracy,1,0.15,1.0,1.0
70,cross_entropy,1,0.05,0.071718,0.070891
70,cross_entropy,1,0.075,0.065765,0.084788
70,cross_entropy,1,0.1,0.065815,0.093041
70,cross_entropy,1,0.15,0.064248,0.108863
71,auc,0,0.05,0.0,0.0
71,auc,0,0.075,0.0,0.0
71,auc,0,0.1,0.0,0.0
71,auc,0,0.15,0.0,0.0
71,accuracy,0,0.05,1.0,1.0
71,accuracy,0,0.075,1.0,1.0
71,accuracy,0,0.1,1.0,1.0
71,accuracy,0,0.15,1.0,1.0
71,cross_entropy,0,0.05,0.066088,0.071004
71,cross_entropy,0,0.075,0.069812,0.067698
71,cross_entropy,0,0.1,0.072277,0.065387
71,cross_entropy,0,0.15,0.078032,0.061237
71,auc,1,0.05,0.0,0.0
71,auc,1,0.075,0.0,0.0
71,auc,1,0.1,0.0,0.0
71,auc,1,0.15,0.0,0.0
71,accuracy,1,0.05,1.0,1.0
71,accuracy,1,0.075,1.0,1.0
71,accuracy,1,0.1,1.0,1.0
71,accuracy,1,0.15,1.0,1.0
71,cross_entropy,1,0.05,0.06959,0.069044
71,cross_entropy,1,0.075,0.071655,0.064303
71,cross_entropy,1,0.1,0.070988,0.064152
71,cross_entropy,1,0.15,0.077486,0.061097
72,auc,0,0.05,0.0,0.0
72,auc,0,0.075,0.0,0.0
72,auc,0,0.1,0.0,0.0
72,auc,0,0.15,0.0,0.0
72,accuracy,0,0.05,1.0,1.0
72,accuracy,0,0.075,1.0,1.0
72,accuracy,0,0.1,1.0,1.0
72,accuracy,0,0.15,1.0,1.0
72,cross_entropy,0,0.05,0.065258,0.064327
72,cross_entropy,0,0.075,0.066657,0.061084
72,cross_entropy,0,0.1,0.069963,0.060563
72,cross_entropy,0,0.15,0.070166,0.060001
72,auc,1,0.05,0.0,0.0
72,auc,1,0.075,0.0,0.0
72,auc,1,0.1,0.0,0.0
72,auc,1,0.15,0.0,0.0
72,accuracy,1,0.05,1.0,1.0
72,accuracy,1,0.075,1.0,1.0
72,accuracy,1,0.1,1.0,1.0
72,accuracy,1,0.15,1.0,1.0
72,cross_entropy,1,0.05,0.069602,0.066319
72,cross_entropy,1,0.075,0.071655,0.064151
72,cross_entropy,1,0.1,0.076948,0.060424
72,cross_entropy,1,0.15,0.073368,0.06384
73,auc,0,0.05,0.0,0.0
73,auc,0,0.075,0.0,0.0
73,auc,0,0.1,0.0,0.0
73,auc,0,0.15,0.0,0.0
73,accuracy,0,0.05,1.0,1.0
73,accuracy,0,0.075,1.0,1.0
73,accuracy,0,0.1,1.0,1.0
73,accuracy,0,0.15,1.0,1.0
73,cross_entropy,0,0.05,0.063312,0.072041
73,cross_entropy,0,0.075,0.064046,0.079815
73,cross_entropy,0,0.1,0.065832,0.080481
73,cross_entropy,0,0.15,0.065803,0.075558
73,auc,1,0.05,0.0,0.0
73,auc,1,0.075,0.0,0.0
73,auc,1,0.1,0.0,0.0
73,auc,1,0.15,0.0,0.0
73,accuracy,1,0.05,1.0,1.0
73,accuracy,1,0.075,1.0,1.0
73,accuracy,1,0.1,1.0,1.0
73,accuracy,1,0.15,1.0,1.0
73,cross_entropy,1,0.05,0.06387,0.069714
73,cross_entropy,1,0.075,0.064119,0.077253
73,cross_entropy,1,0.1,0.06731,0.080083
73,cross_entropy,1,0.15,0.064914,0.081486
74,auc,0,0.05,0.0,0.0
74,auc,0,0.075,0.0,0.0
74,auc,0,0.1,0.0,0.0
74,auc,0,0.15,0.0,0.0
74,accuracy,0,0.05,1.0,1.0
74,accuracy,0,0.075,1.0,1.0
74,accuracy,0,0.1,1.0,1.0
74,accuracy,0,0.15,1.0,1.0
74,cross_entropy,0,0.05,0.061084,0.084629
74,cross_entropy,0,0.075,0.060387,0.094484
74,cross_entropy,0,0.1,0.063431,0.097815
74,cross_entropy,0,0.15,0.067817,0.092593
74,auc,1,0.05,0.0,0.0
74,auc,1,0.075,0.0,0.0
74,auc,1,0.1,0.0,0.0
74,auc,1,0.15,0.0,0.0
74,accuracy,1,0.05,1.0,1.0
74,accuracy,1,0.075,1.0,1.0
74,accuracy,1,0.1,1.0,1.0
74,accuracy,1,0.15,1.0,1.0
74,cross_entropy,1,0.05,0.061372,0.085427
74,cross_entropy,1,0.075,0.06342,0.089427
74,cross_entropy,1,0.1,0.06638,0.092129
74,cross_entropy,1,0.15,0.068893,0.08974
75,auc,0,0.05,0.933333,1.0
75,auc,0,0.075,0.933333,1.0
75,auc,0,0.1,0.933333,1.0
75,auc,0,0.15,0.933333,1.0
75,accuracy,0,0.05,0.9375,0.9375
75,accuracy,0,0.075,0.9375,0.9375
75,accuracy,0,0.1,0.9375,0.9375
75,accuracy,0,0.15,0.9375,0.9375
75,cross_entropy,0,0.05,0.178499,0.124663
75,cross_entropy,0,0.075,0.181704,0.120628
75,cross_entropy,0,0.1,0.194052,0.111044
75,cross_entropy,0,0.15,0.204457,0.108225
75,auc,1,0.05,0.933333,1.0
75,auc,1,0.075,0.933333,1.0
75,auc,1,0.1,0.933333,1.0
75,auc,1,0.15,0.933333,1.0
75,accuracy,1,0.05,0.9375,0.9375
75,accuracy,1,0.075,0.9375,0.9375
75,accuracy,1,0.1,0.9375,0.9375
75,accuracy,1,0.15,0.9375,1.0
75,cross_entropy,1,0.05,0.171003,0.134763
75,cross_entropy,1,0.075,0.182903,0.114257
75,cross_entropy,1,0.1,0.192905,0.10876
75,cross_entropy,1,0.15,0.203006,0.103998
76,auc,0,0.05,0.0,0.0
76,auc,0,0.075,0.0,0.0
76,auc,0,0.1,0.0,0.0
76,auc,0,0.15,0.0,0.0
76,accuracy,0,0.05,1.0,1.0
76,accuracy,0,0.075,1.0,1.0
76,accuracy,0,0.1,1.0,1.0
76,accuracy,0,0.15,1.0,1.0
76,cross_entropy,0,0.05,0.075329,0.071802
76,cross_entropy,0,0.075,0.069117,0.08324
76,cross_entropy,0,0.1,0.061531,0.104395
76,cross_entropy,0,0.15,0.062912,0.106263
76,auc,1,0.05,0.0,0.0
76,auc,1,0.075,0.0,0.0
76,auc,1,0.1,0.0,0.0
76,auc,1,0.15,0.0,0.0
76,accuracy,1,0.05,1.0,1.0
76,accuracy,1,0.075,1.0,1.0
76,accuracy,1,0.1,1.0,1.0
76,accuracy,1,0.15,1.0,0.9375
76,cross_entropy,1,0.05,0.071005,0.075253
76,cross_entropy,1,0.075,0.072223,0.07889
76,cross_entropy,1,0.1,0.068507,0.096705
76,cross_entropy,1,0.15,0.061225,0.125272
77,auc,0,0.05,0.0,0.0
77,auc,0,0.075,0.0,0.0
77,auc,0,0.1,0.0,0.0
77,auc,0,0.15,0.0,0.0
77,accuracy,0,0.05,1.0,1.0
77,accuracy,0,0.075,1.0,1.0
77,accuracy,0,0.1,1.0,1.0
77,accuracy,0,0.15,1.0,1.0
77,cross_entropy,0,0.05,0.073727,0.072484
77,cross_entropy,0,0.075,0.07137,0.074193
77,cross_entropy,0,0.1,0.072232,0.073296
77,cross_entropy,0,0.15,0.071769,0.085293
77,auc,1,0.05,0.0,0.0
77,auc,1,0.075,0.0,0.0
77,auc,1,0.1,0.0,0.0
77,auc,1,0.15,0.0,0.0
77,accuracy,1,0.05,1.0,1.0
77,accuracy,1,0.075,1.0,1.0
77,accuracy,1,0.1,1.0,1.0
77,accuracy,1,0.15,1.0,1.0
77,cross_entropy,1,0.05,0.074259,0.070678
77,cross_entropy,1,0.075,0.073439,0.075265
77,cross_entropy,1,0.1,0.073172,0.074788
77,cross_entropy,1,0.15,0.066125,0.091086
78,auc,0,0.05,0.0,0.0
78,auc,0,0.075,0.0,0.0
78,auc,0,0.1,0.0,0.0
78,auc,0,0.15,0.0,0.0
78,accuracy,0,0.05,1.0,1.0
78,accuracy,0,0.075,1.0,1.0
78,accuracy,0,0.1,1.0,1.0
78,accuracy,0,0.15,1.0,0.9375
78,cross_entropy,0,0.05,0.056484,0.07883
78,cross_entropy,0,0.075,0.054617,0.083253
78,cross_entropy,0,0.1,0.053738,0.088469
78,cross_entropy,0,0.15,0.050617,0.10863
78,auc,1,0.05,0.0,0.0
78,auc,1,0.075,0.0,0.0
78,auc,1,0.1,0.0,0.0
78,auc,1,0.15,0.0,0.0
78,accuracy,1,0.05,1.0,1.0
78,accuracy,1,0.075,1.0,1.0
78,accuracy,1,0.1,1.0,1.0
78,accuracy,1,0.15,1.0,0.9375
78,cross_entropy,1,0.05,0.057291,0.075963
78,cross_entropy,1,0.075,0.053146,0.091808
78,cross_entropy,1,0.1,0.054589,0.093433
78,cross_entropy,1,0.15,0.050608,0.116949
79,auc,0,0.05,0.0,0.0
79,auc,0,0.075,0.0,0.0
79,auc,0,0.1,0.0,0.0
79,auc,0,0.15,0.0,0.0
79,accuracy,0,0.05,1.0,1.0
79,accuracy,0,0.075,1.0,1.0
79,accuracy,0,0.1,1.0,1.0
79,accuracy,0,0.15,1.0,1.0
79,cross_entropy,0,0.05,0.047274,0.053771
79,cross_entropy,0,0.075,0.044191,0.057797
79,cross_entropy,0,0.1,0.043593,0.062742
79,cross_entropy,0,0.15,0.043458,0.064197
79,auc,1,0.05,0.0,0.0
79,auc,1,0.075,0.0,0.0
79,auc,1,0.1,0.0,0.0
79,auc,1,0.15,0.0,0.0
79,accuracy,1,0.05,1.0,1.0
79,accuracy,1,0.075,1.0,1.0
79,accuracy,1,0.1,1.0,1.0
79,accuracy,1,0.15,1.0,1.0
79,cross_entropy,1,0.05,0.045856,0.053245
79,cross_entropy,1,0.075,0.044148,0.05798
79,cross_entropy,1,0.1,0.044147,0.059202
79,cross_entropy,1,0.15,0.045828,0.059176
80,auc,0,0.05,0.0,0.0
80,auc,0,0.075,0.0,0.0
80,auc,0,0.1,0.0,0.0
80,auc,0,0.15,0.0,0.0
80,accuracy,0,0.05,1.0,0.9375
80,accuracy,0,0.075,1.0,0.9375
80,accuracy,0,0.1,1.0,0.9375
80,accuracy,0,0.15,1.0,0.9375
80,cross_entropy,0,0.05,0.056839,0.133371
80,cross_entropy,0,0.075,0.050735,0.166852
80,cross_entropy,0,0.1,0.052367,0.160118
80,cross_entropy,0,0.15,0.05303,0.198581
80,auc,1,0.05,0.0,0.0
80,auc,1,0.075,0.0,0.0
80,auc,1,0.1,0.0,0.0
80,auc,1,0.15,0.0,0.0
80,accuracy,1,0.05,1.0,0.9375
80,accuracy,1,0.075,1.0,0.9375
80,accuracy,1,0.1,1.0,0.9375
80,accuracy,1,0.15,1.0,0.9375
80,cross_entropy,1,0.05,0.059533,0.133696
80,cross_entropy,1,0.075,0.053119,0.154897
80,cross_entropy,1,0.1,0.051448,0.16227
80,cross_entropy,1,0.15,0.050978,0.170752
81,auc,0,0.05,0.0,0.0
81,auc,0,0.075,0.0,0.0
81,auc,0,0.1,0.0,0.0
81,auc,0,0.15,0.0,0.0
81,accuracy,0,0.05,1.0,1.0
81,accuracy,0,0.075,1.0,1.0
81,accuracy,0,0.1,1.0,1.0
81,accuracy,0,0.15,1.0,1.0
81,cross_entropy,0,0.05,0.063291,0.067414
81,cross_entropy,0,0.075,0.06271,0.066891
81,cross_entropy,0,0.1,0.063367,0.076955
81,cross_entropy,0,0.15,0.059065,0.083615
81,auc,1,0.05,0.0,0.0
81,auc,1,0.075,0.0,0.0
81,auc,1,0.1,0.0,0.0
81,auc,1,0.15,0.0,0.0
81,accuracy,1,0.05,1.0,1.0
81,accuracy,1,0.075,1.0,1.0
81,accuracy,1,0.1,1.0,1.0
81,accuracy,1,0.15,1.0,1.0
81,cross_entropy,1,0.05,0.059736,0.070778
81,cross_entropy,1,0.075,0.059795,0.073932
81,cross_entropy,1,0.1,0.059678,0.080424
81,cross_entropy,1,0.15,0.060934,0.085551
82,auc,0,0.05,0.0,0.0
82,auc,0,0.075,0.0,0.0
82,auc,0,0.1,0.0,0.0
82,auc,0,0.15,0.0,0.0
82,accuracy,0,0.05,1.0,1.0
82,accuracy,0,0.075,1.0,1.0
82,accuracy,0,0.1,1.0,1.0
82,accuracy,0,0.15,1.0,1.0
82,cross_entropy,0,0.05,0.052638,0.064119
82,cross_entropy,0,0.075,0.053352,0.062147
82,cross_entropy,0,0.1,0.051639,0.072153
82,cross_entropy,0,0.15,0.052916,0.085681
82,auc,1,0.05,0.0,0.0
82,auc,1,0.075,0.0,0.0
82,auc,1,0.1,0.0,0.0
82,auc,1,0.15,0.0,0.0
82,accuracy,1,0.05,1.0,1.0
82,accuracy,1,0.075,1.0,1.0
82,accuracy,1,0.1,1.0,1.0
82,accuracy,1,0.15,1.0,1.0
82,cross_entropy,1,0.05,0.053188,0.063148
82,cross_entropy,1,0.075,0.051162,0.066321
82,cross_entropy,1,0.1,0.051915,0.07278
82,cross_entropy,1,0.15,0.053807,0.082159
83,auc,0,0.05,0.0,0.0
83,auc,0,0.075,0.0,0.0
83,auc,0,0.1,0.0,0.0
83,auc,0,0.15,0.0,0.0
83,accuracy,0,0.05,1.0,1.0
83,accuracy,0,0.075,1.0,1.0
83,accuracy,0,0.1,1.0,1.0
83,accuracy,0,0.15,1.0,1.0
83,cross_entropy,0,0.05,0.063183,0.050378
83,cross_entropy,0,0.075,0.062446,0.050554
83,cross_entropy,0,0.1,0.063287,0.052607
83,cross_entropy,0,0.15,0.064408,0.052865
83,auc,1,0.05,0.0,0.0
83,auc,1,0.075,0.0,0.0
83,auc,1,0.1,0.0,0.0
83,auc,1,0.15,0.0,0.0
83,accuracy,1,0.05,1.0,1.0
83,accuracy,1,0.075,1.0,1.0
83,accuracy,1,0.1,1.0,1.0
83,accuracy,1,0.15,1.0,1.0
83,cross_entropy,1,0.05,0.062424,0.050796
83,cross_entropy,1,0.075,0.064358,0.050794
83,cross_entropy,1,0.1,0.062505,0.053282
83,cross_entropy,1,0.15,0.06465,0.054132
84,auc,0,0.05,0.0,0.0
84,auc,0,0.075,0.0,0.0
84,auc,0,0.1,0.0,0.0
84,auc,0,0.15,0.0,0.0
84,accuracy,0,0.05,0.9375,1.0
84,accuracy,0,0.075,0.9375,1.0
84,accuracy,0,0.1,1.0,1.0
84,accuracy,0,0.15,1.0,1.0
84,cross_entropy,0,0.05,0.113869,0.07922
84,cross_entropy,0,0.075,0.114971,0.078224
84,cross_entropy,0,0.1,0.090597,0.086903
84,cross_entropy,0,0.15,0.081298,0.091988
84,auc,1,0.05,0.0,0.0
84,auc,1,0.075,0.0,0.0
84,auc,1,0.1,0.0,0.0
84,auc,1,0.15,0.0,0.0
84,accuracy,1,0.05,0.9375,1.0
84,accuracy,1,0.075,1.0,1.0
84,accuracy,1,0.1,1.0,1.0
84,accuracy,1,0.15,1.0,1.0
84,cross_entropy,1,0.05,0.10825,0.081256
84,cross_entropy,1,0.075,0.099868,0.081801
84,cross_entropy,1,0.1,0.092851,0.086808
84,cross_entropy,1,0.15,0.086574,0.09267
85,auc,0,0.05,0.0,0.0
85,auc,0,0.075,0.0,0.0
85,auc,0,0.1,0.0,0.0
85,auc,0,0.15,0.0,0.0
85,accuracy,0,0.05,1.0,1.0
85,accuracy,0,0.075,1.0,1.0
85,accuracy,0,0.1,1.0,1.0
85,accuracy,0,0.15,1.0,1.0
85,cross_entropy,0,0.05,0.054474,0.053893
85,cross_entropy,0,0.075,0.0537,0.054515
85,cross_entropy,0,0.1,0.052321,0.056429
85,cross_entropy,0,0.15,0.057911,0.054295
85,auc,1,0.05,0.0,0.0
85,auc,1,0.075,0.0,0.0
85,auc,1,0.1,0.0,0.0
85,auc,1,0.15,0.0,0.0
85,accuracy,1,0.05,1.0,1.0
85,accuracy,1,0.075,1.0,1.0
85,accuracy,1,0.1,1.0,1.0
85,accuracy,1,0.15,1.0,1.0
85,cross_entropy,1,0.05,0.055425,0.053199
85,cross_entropy,1,0.075,0.056742,0.054353
85,cross_entropy,1,0.1,0.055723,0.053568
85,cross_entropy,1,0.15,0.058287,0.053624
86,auc,0,0.05,0.0,0.0
86,auc,0,0.075,0.0,0.0
86,auc,0,0.1,0.0,0.0
86,auc,0,0.15,0.0,0.0
86,accuracy,0,0.05,1.0,1.0
86,accuracy,0,0.075,1.0,1.0
86,accuracy,0,0.1,1.0,1.0
86,accuracy,0,0.15,1.0,1.0
86,cross_entropy,0,0.05,0.073367,0.088552
86,cross_entropy,0,0.075,0.069401,0.078246
86,cross_entropy,0,0.1,0.068192,0.084599
86,cross_entropy,0,0.15,0.069147,0.079733
86,auc,1,0.05,0.0,0.0
86,auc,1,0.075,0.0,0.0
86,auc,1,0.1,0.0,0.0
86,auc,1,0.15,0.0,0.0
86,accuracy,1,0.05,1.0,1.0
86,accuracy,1,0.075,1.0,1.0
86,accuracy,1,0.1,1.0,1.0
86,accuracy,1,0.15,1.0,1.0
86,cross_entropy,1,0.05,0.07297,0.080301
86,cross_entropy,1,0.075,0.072824,0.080867
86,cross_entropy,1,0.1,0.068022,0.087527
86,cross_entropy,1,0.15,0.070444,0.082297
87,auc,0,0.05,0.0,0.0
87,auc,0,0.075,0.0,0.0
87,auc,0,0.1,0.0,0.0
87,auc,0,0.15,0.0,0.0
87,accuracy,0,0.05,1.0,1.0
87,accuracy,0,0.075,1.0,1.0
87,accuracy,0,0.1,1.0,1.0
87,accuracy,0,0.15,1.0,1.0
87,cross_entropy,0,0.05,0.085331,0.076229
87,cross_entropy,0,0.075,0.078563,0.085957
87,cross_entropy,0,0.1,0.078152,0.089686
87,cross_entropy,0,0.15,0.0758,0.092318
87,auc,1,0.05,0.0,0.0
87,auc,1,0.075,0.0,0.0
87,auc,1,0.1,0.0,0.0
87,auc,1,0.15,0.0,0.0
87,accuracy,1,0.05,1.0,1.0
87,accuracy,1,0.075,1.0,1.0
87,accuracy,1,0.1,1.0,1.0
87,accuracy,1,0.15,1.0,1.0
87,cross_entropy,1,0.05,0.080426,0.079922
87,cross_entropy,1,0.075,0.080587,0.084551
87,cross_entropy,1,0.1,0.076387,0.088904
87,cross_entropy,1,0.15,0.07419,0.093947
88,auc,0,0.05,0.0,0.0
88,auc,0,0.075,0.0,0.0
88,auc,0,0.1,0.0,0.0
88,auc,0,0.15,0.0,0.0
88,accuracy,0,0.05,1.0,1.0
88,accuracy,0,0.075,1.0,1.0
88,accuracy,0,0.1,1.0,1.0
88,accuracy,0,0.15,1.0,1.0
88,cross_entropy,0,0.05,0.069177,0.07258
88,cross_entropy,0,0.075,0.074987,0.072108
88,cross_entropy,0,0.1,0.081093,0.071875
88,cross_entropy,0,0.15,0.075505,0.079577
88,auc,1,0.05,0.0,0.0
88,auc,1,0.075,0.0,0.0
88,auc,1,0.1,0.0,0.0
88,auc,1,0.15,0.0,0.0
88,accuracy,1,0.05,1.0,1.0
88,accuracy,1,0.075,1.0,1.0
88,accuracy,1,0.1,1.0,1.0
88,accuracy,1,0.15,1.0,1.0
88,cross_entropy,1,0.05,0.073759,0.072935
88,cross_entropy,1,0.075,0.07925,0.076121
88,cross_entropy,1,0.1,0.074427,0.077648
88,cross_entropy,1,0.15,0.077556,0.082615
